,sector
0,52
2,29
3,63
4,11
7,42
8,14
9,62
10,22
11,4
13,9
14,70
15,49
16,72
17,5
18,16
19,10
20,68
21,92
22,56
23,21
24,86
26,17
27,38
31,52
33,66
35,6
36,84
38,36
40,61
41,2
42,17
43,89
44,97
45,60
46,7
47,2
50,13
51,27
52,97
53,30
54,73
55,94
57,28
65,10
66,28
67,42
68,32
69,69
70,37
72,79
74,94
84,68
85,72
87,5
89,73
101,47
103,24
104,30
106,69
107,70
108,20
109,59
110,6
111,14
112,46
124,3
125,58
126,34
128,96
129,89
130,41
133,20
134,22
148,28
149,24
150,47
151,13
160,14
161,13
162,37
163,36
190,97
191,46
192,69
193,27
198,21
199,75
217,84
222,23
223,60
224,14
225,36
226,84
227,35
233,73
234,41
251,85
258,20
259,12
260,50
262,70
263,70
270,38
271,40
272,20
294,40
296,2
299,33
300,68
309,19
310,30
311,30
337,2
338,12
348,23
349,62
350,52
373,25
389,58
390,98
391,63
415,97
416,63
427,44
428,86
429,60
450,89
452,61
463,10
464,42
465,60
485,79
486,5
490,97
491,4
504,28
505,10
506,23
523,62
524,74
525,11
526,40
528,27
529,55
543,22
544,59
560,63
561,97
562,6
563,2
564,5
565,66
566,66
571,28
572,22
573,54
590,37
591,78
592,10
606,40
607,68
608,21
617,17
618,5
619,64
620,21
639,53
640,4
651,38
652,7
653,92
654,2
665,17
666,78
667,30
685,16
686,6
687,31
696,89
697,51
698,72
701,87
713,2
714,34
733,52
735,3
736,40
737,87
744,96
745,46
746,16
761,17
762,2
783,86
784,43
785,82
791,8
792,96
808,77
810,36
811,96
812,32
834,22
835,26
840,58
841,58
842,11
850,54
857,37
860,36
861,66
862,45
887,26
888,48
891,79
892,59
893,82
908,87
909,60
910,7
934,61
935,13
937,76
938,46
952,88
953,20
975,14
976,89
978,67
979,63
980,61
990,28
991,57
994,25
995,72
996,89
1012,68
1021,37
1022,68
1023,31
1035,78
1036,31
1038,49
1039,60
1040,54
1067,14
1068,62
1069,72
1070,61
1080,37
1081,59
1082,37
1083,19
1084,32
1086,72
1113,63
1114,95
1115,2
1116,31
1117,12
1118,82
1129,61
1130,18
1131,52
1156,96
1157,36
1158,12
1161,37
1162,43
1163,42
1179,96
1201,48
1202,73
1207,17
1208,48
1209,74
1218,82
1219,86
1229,12
1230,52
1231,54
1232,14
1241,56
1242,12
1244,86
1245,83
1247,36
1251,79
1252,85
1253,2
1259,43
1260,38
1268,49
1279,96
1282,9
1283,31
1284,69
1285,30
1290,44
1296,32
1297,63
1298,0
1299,62
1300,14
1301,42
1302,82
1304,17
1305,44
1313,1
1314,61
1328,46
1329,63
1334,28
1335,10
1336,14
1338,27
1345,36
1346,76
1347,18
1348,46
1349,39
1350,44
1352,27
1353,27
1363,51
1364,56
1372,82
1378,30
1379,64
1380,5
1381,63
1387,76
1388,23
1389,14
1391,24
1392,3
1401,25
1402,11
1403,2
1409,5
1411,17
1412,96
1413,12
1419,86
1421,17
1422,40
1423,27
1424,62
1427,82
1430,11
1431,69
1432,73
1433,63
1444,5
1445,66
1446,89
1447,17
1454,59
1455,77
1457,68
1458,96
1459,87
1462,69
1463,14
1466,59
1467,53
1468,37
1469,60
1471,24
1474,10
1475,62
1476,85
1477,2
1490,1
1491,54
1492,61
1493,86
1494,86
1500,69
1501,10
1502,44
1503,52
1505,9
1511,39
1515,59
1516,54
1517,43
1519,77
1520,46
1521,50
1523,17
1524,45
1539,3
1540,17
1543,24
1544,2
1551,51
1552,21
1553,12
1554,17
1555,72
1557,18
1563,1
1564,84
1565,30
1568,12
1569,37
1570,97
1571,24
1572,8
1577,54
1588,38
1589,26
1590,41
1591,17
1592,27
1593,97
1600,15
1601,66
1602,72
1603,38
1604,11
1605,52
1606,30
1607,37
1608,28
1616,37
1618,45
1619,82
1620,15
1621,40
1624,11
1625,45
1626,88
1627,20
1633,49
1644,37
1645,3
1646,40
1647,33
1648,20
1649,70
1658,79
1659,75
1660,17
1661,28
1662,84
1664,30
1675,20
1676,14
1677,52
1678,67
1679,60
1683,58
1684,71
1700,64
1701,17
1703,12
1704,63
1712,23
1713,36
1714,14
1715,47
1725,74
1727,44
1728,16
1729,0
1731,97
1732,12
1733,42
1745,28
1746,10
1747,78
1749,85
1750,30
1761,70
1762,27
1764,15
1778,30
1779,40
1780,13
1781,41
1782,85
1783,20
1798,51
1799,69
1811,87
1812,72
1813,10
1815,73
1833,6
1834,87
1835,19
1845,95
1846,60
1847,54
1851,5
1852,34
1853,34
1863,78
1864,38
1868,40
1886,56
1887,11
1902,26
1903,45
1904,86
1911,86
1913,61
1914,68
1915,42
1917,54
1918,50
1919,0
1929,20
1933,20
1934,49
1935,48
1936,14
1937,64
1945,64
1946,77
1954,69
1955,53
1956,50
1964,54
1965,10
1966,76
1969,86
1970,54
1971,16
1979,95
1980,76
1981,95
1987,49
1988,6
1990,30
1991,22
1997,55
1998,21
1999,82
2005,24
2006,18
2007,3
2008,35
2009,97
2017,41
2018,62
2020,61
2021,99
2022,69
2030,73
2031,27
2032,11
2037,46
2038,56
2039,7
2040,1
2041,71
2042,20
2043,50
2049,14
2050,56
2051,26
2052,20
2053,22
2058,94
2059,16
2060,76
2061,89
2062,50
2066,86
2067,89
2068,41
2071,39
2072,40
2073,59
2074,18
2075,9
2085,48
2086,52
2087,40
2091,97
2092,90
2093,12
2095,72
2096,82
2097,16
2098,40
2099,51
2105,84
2106,37
2108,14
2109,84
2120,0
2121,24
2122,77
2126,39
2127,6
2130,48
2132,30
2133,61
2150,79
2151,97
2152,61
2153,31
2154,10
2155,60
2156,97
2157,60
2163,60
2164,70
2165,40
2166,44
2178,0
2179,48
2180,12
2181,78
2186,81
2187,39
2188,0
2189,59
2190,63
2191,70
2192,89
2193,70
2194,30
2209,60
2213,84
2214,89
2215,65
2218,38
2219,54
2220,58
2221,75
2228,6
2242,20
2243,47
2244,33
2245,36
2246,87
2251,26
2252,17
2254,78
2255,16
2256,82
2257,54
2258,2
2259,40
2260,79
2261,65
2262,68
2276,66
2278,86
2279,82
2280,58
2283,37
2284,5
2285,19
2286,5
2287,13
2288,11
2289,22
2290,61
2312,12
2313,97
2314,63
2315,30
2320,79
2321,17
2322,91
2323,38
2324,3
2325,18
2326,58
2327,35
2328,13
2329,2
2330,16
2345,48
2346,96
2347,30
2350,33
2351,84
2352,6
2353,4
2356,61
2357,12
2358,51
2378,25
2379,41
2380,96
2381,30
2382,70
2383,15
2385,39
2386,24
2387,24
2388,24
2389,89
2390,48
2391,68
2392,63
2393,33
2394,2
2395,24
2396,87
2397,44
2398,28
2399,32
2400,94
2415,95
2416,88
2419,16
2420,75
2422,42
2424,12
2428,21
2429,14
2430,65
2451,17
2452,44
2453,14
2454,70
2455,87
2456,4
2457,49
2458,30
2460,46
2461,38
2462,92
2464,80
2465,66
2466,94
2467,41
2468,53
2469,87
2470,6
2471,89
2472,0
2475,70
2477,1
2487,86
2488,82
2489,62
2491,10
2492,56
2493,72
2494,5
2499,12
2500,75
2501,33
2502,60
2520,63
2522,39
2523,86
2524,24
2525,27
2527,24
2528,77
2529,68
2530,42
2531,47
2532,2
2533,95
2534,27
2535,91
2536,27
2539,22
2540,5
2541,10
2542,61
2543,56
2544,75
2545,86
2546,75
2547,46
2548,68
2549,84
2550,78
2551,52
2552,59
2559,47
2563,14
2564,30
2568,13
2569,52
2575,79
2576,77
2577,58
2578,90
2598,88
2599,7
2600,20
2601,84
2602,56
2603,74
2604,27
2605,44
2606,72
2607,50
2608,27
2609,30
2610,54
2611,32
2615,27
2616,7
2617,52
2618,54
2619,64
2620,17
2621,41
2622,79
2623,66
2624,10
2625,41
2626,87
2627,37
2628,61
2629,51
2640,28
2641,72
2649,98
2651,26
2652,84
2654,60
2671,13
2672,48
2674,84
2675,14
2676,64
2677,49
2678,17
2679,2
2681,2
2683,68
2686,3
2690,4
2691,10
2692,54
2693,38
2694,64
2695,34
2696,22
2697,45
2698,1
2699,86
2706,98
2707,11
2708,50
2727,26
2728,86
2730,5
2745,18
2746,46
2747,37
2748,87
2749,97
2750,37
2751,95
2752,32
2753,63
2754,1
2755,2
2756,38
2757,23
2766,58
2767,13
2768,16
2769,30
2770,41
2771,0
2773,27
2779,49
2780,96
2781,10
2783,97
2784,85
2798,16
2799,71
2800,69
2805,63
2816,60
2817,80
2819,11
2820,78
2821,70
2822,3
2823,5
2824,36
2825,61
2826,11
2827,77
2830,93
2839,25
2841,2
2842,2
2843,73
2844,67
2845,14
2846,60
2847,10
2849,22
2856,40
2857,9
2859,2
2860,75
2871,39
2872,41
2874,24
2875,86
2879,17
2880,94
2882,32
2892,10
2893,13
2894,45
2895,93
2896,48
2897,63
2898,0
2899,7
2901,94
2902,45
2916,22
2917,20
2918,83
2919,76
2920,15
2921,63
2922,73
2923,99
2924,71
2925,1
2926,36
2927,46
2928,10
2929,60
2931,16
2937,17
2938,58
2941,60
2942,21
2953,67
2957,22
2971,48
2972,96
2973,4
2975,99
2976,23
2977,49
2978,84
2979,20
2980,94
2981,37
2982,32
2983,36
2984,50
2998,22
2999,3
3000,63
3001,82
3002,21
3003,22
3004,50
3005,44
3007,20
3008,10
3011,82
3014,82
3015,86
3016,11
3018,7
3019,2
3020,34
3030,13
3034,84
3035,16
3036,39
3037,30
3052,86
3054,16
3055,10
3056,93
3057,70
3059,2
3060,38
3061,11
3062,47
3063,86
3064,30
3065,54
3066,96
3067,12
3079,69
3080,54
3086,6
3087,54
3088,23
3089,51
3090,36
3091,44
3092,38
3096,48
3099,40
3101,40
3104,80
3105,82
3107,80
3108,94
3109,7
3110,5
3113,60
3114,2
3119,13
3120,73
3125,41
3126,35
3128,20
3129,33
3145,72
3146,17
3152,93
3153,62
3154,97
3155,28
3156,60
3157,24
3158,63
3159,89
3160,6
3161,2
3162,52
3163,44
3164,86
3165,50
3167,94
3179,8
3189,11
3190,97
3191,30
3193,11
3194,64
3195,16
3196,68
3201,64
3203,77
3204,38
3205,30
3208,2
3211,0
3212,35
3213,69
3214,14
3217,35
3220,51
3225,79
3226,13
3229,38
3230,40
3231,32
3246,63
3247,76
3252,16
3253,27
3254,86
3255,13
3256,28
3257,10
3258,30
3259,37
3260,45
3262,86
3263,16
3264,59
3265,14
3266,89
3267,33
3268,93
3269,97
3270,80
3271,24
3272,20
3276,15
3277,86
3288,32
3289,99
3292,17
3293,92
3294,46
3295,21
3296,60
3299,68
3300,37
3301,94
3302,44
3305,52
3306,99
3307,2
3310,17
3311,97
3312,7
3315,47
3316,38
3317,5
3323,18
3328,45
3329,28
3344,13
3345,97
3349,6
3350,36
3352,35
3353,5
3354,14
3355,36
3356,70
3357,65
3358,41
3359,5
3360,38
3361,46
3362,83
3363,53
3364,35
3365,59
3366,28
3367,45
3368,78
3369,77
3373,63
3374,17
3375,6
3376,1
3379,14
3380,42
3381,46
3382,63
3389,18
3390,44
3391,39
3394,28
3395,38
3396,75
3397,10
3398,70
3399,36
3401,60
3402,63
3403,49
3406,32
3407,38
3413,7
3416,89
3417,72
3422,6
3423,25
3428,6
3429,74
3430,53
3444,36
3445,2
3448,97
3449,34
3450,30
3451,64
3452,17
3453,50
3454,86
3455,11
3461,88
3462,54
3463,5
3464,18
3465,43
3466,14
3483,20
3484,22
3485,51
3487,95
3488,57
3489,20
3490,50
3491,13
3492,40
3497,1
3498,72
3499,28
3500,60
3505,17
3506,44
3513,49
3514,19
3516,96
3517,21
3522,12
3523,95
3530,72
3531,26
3546,40
3547,5
3550,77
3551,37
3552,7
3553,95
3554,19
3555,44
3556,39
3557,39
3560,72
3561,75
3562,45
3563,22
3585,28
3586,22
3587,42
3588,47
3589,75
3590,27
3595,58
3596,37
3597,62
3602,71
3603,99
3611,22
3612,60
3613,96
3614,2
3616,33
3622,33
3623,10
3630,14
3631,71
3632,12
3645,78
3648,13
3649,0
3650,36
3651,23
3652,48
3653,18
3654,62
3655,20
3656,14
3657,93
3658,32
3659,82
3688,71
3689,50
3690,17
3691,78
3692,19
3697,13
3698,82
3699,28
3700,10
3701,60
3702,17
3703,60
3704,13
3713,58
3714,42
3717,17
3718,4
3723,86
3724,18
3733,90
3743,89
3745,16
3746,23
3747,82
3748,89
3749,77
3750,69
3751,9
3752,57
3753,73
3754,16
3755,17
3756,13
3757,22
3758,35
3759,97
3785,39
3786,55
3787,78
3788,9
3789,41
3790,6
3791,43
3792,74
3793,63
3798,1
3799,90
3800,26
3801,92
3803,44
3804,82
3808,97
3809,42
3821,72
3822,11
3831,60
3832,79
3833,30
3834,28
3835,14
3836,13
3837,0
3838,6
3839,50
3840,28
3841,79
3842,78
3843,26
3844,4
3846,25
3861,69
3884,65
3885,40
3886,2
3887,28
3888,56
3889,95
3893,18
3894,61
3895,14
3896,36
3897,24
3898,2
3902,29
3903,33
3904,27
3905,56
3911,88
3918,73
3928,63
3929,1
3930,68
3931,24
3932,46
3933,13
3934,2
3935,20
3938,61
3959,20
3960,35
3976,84
3978,6
3980,27
3981,19
3982,72
3983,73
3984,2
3987,87
3988,63
3989,39
3993,49
3995,96
4005,63
4006,11
4013,68
4014,60
4015,20
4016,89
4017,27
4018,3
4027,2
4028,68
4029,12
4056,86
4066,5
4068,90
4069,0
4070,73
4071,31
4072,18
4073,92
4076,40
4077,70
4078,14
4079,72
4082,2
4083,0
4094,24
4095,49
4101,16
4102,23
4103,96
4104,68
4105,67
4106,60
4107,8
4108,16
4109,40
4110,61
4115,88
4119,78
4120,17
4121,53
4123,48
4124,79
4125,79
4126,1
4127,60
4130,97
4131,87
4132,50
4133,50
4134,35
4135,87
4136,24
4137,96
4138,31
4139,24
4140,46
4141,24
4142,58
4144,42
4145,61
4146,1
4147,87
4148,33
4149,15
4150,5
4151,58
4152,4
4153,37
4154,58
4155,19
4156,13
4157,38
4158,4
4159,55
4160,2
4161,46
4162,88
4163,2
4164,13
4165,86
4166,30
4167,86
4170,31
4171,55
4172,86
4173,86
4174,12
4175,10
4176,70
4178,16
4179,38
4184,4
4195,65
4196,3
4201,67
4202,14
4203,32
4204,29
4210,14
4211,19
4212,2
4213,38
4214,40
4215,14
4216,17
4217,18
4218,89
4219,28
4220,56
4221,30
4222,32
4223,20
4224,16
4225,13
4226,46
4227,52
4228,72
4229,52
4230,13
4231,4
4232,13
4233,2
4234,12
4235,14
4236,5
4237,16
4238,20
4239,12
4240,5
4241,14
4242,4
4243,1
4244,14
4246,1
4253,95
4258,38
4259,85
4260,68
4261,32
4262,88
4263,4
4264,59
4265,82
4279,70
4280,40
4285,77
4286,11
4287,27
4295,6
4296,10
4297,67
4298,10
4299,11
4300,25
4303,27
4304,25
4305,35
4306,12
4307,5
4308,80
4322,87
4328,19
4331,41
4332,6
4334,32
4335,69
4336,82
4349,17
4350,2
4354,85
4355,79
4356,72
4368,86
4369,24
4370,32
4371,46
4372,49
4373,50
4392,30
4393,16
4401,22
4402,63
4404,12
4407,38
4408,2
4409,16
4410,73
4411,42
4413,61
4428,49
4429,0
4430,9
4443,57
4444,63
4445,68
4448,10
4449,17
4451,68
4473,13
4474,25
4483,26
4484,63
4487,86
4488,46
4489,90
4491,44
4492,63
4493,88
4506,0
4510,48
4511,4
4512,6
4524,96
4525,96
4526,16
4527,47
4528,24
4529,22
4530,52
4531,86
4532,61
4533,17
4534,88
4554,16
4555,72
4567,63
4570,74
4571,44
4572,82
4576,94
4577,46
4578,13
4586,93
4587,14
4590,39
4591,2
4592,40
4594,66
4606,62
4607,9
4608,46
4609,2
4610,55
4611,92
4612,36
4613,61
4614,97
4615,47
4616,16
4617,12
4618,67
4619,2
4638,30
4639,6
4653,38
4654,77
4657,6
4658,16
4659,64
4660,86
4661,74
4662,22
4668,96
4669,56
4673,88
4674,61
4675,16
4676,2
4687,28
4688,78
4689,0
4690,77
4691,30
4692,22
4693,13
4694,72
4695,20
4696,39
4697,11
4698,19
4699,96
4700,80
4701,61
4702,60
4703,46
4721,35
4722,86
4723,52
4734,14
4735,40
4736,76
4741,13
4742,34
4747,69
4748,30
4752,14
4753,10
4754,37
4755,31
4766,42
4767,70
4768,94
4769,11
4770,14
4771,77
4772,35
4773,39
4774,66
4775,2
4777,54
4778,6
4779,61
4780,40
4781,83
4795,6
4799,39
4800,2
4801,62
4805,27
4806,66
4810,63
4811,42
4812,41
4818,39
4819,16
4820,41
4825,24
4826,88
4827,22
4828,77
4829,50
4837,78
4838,32
4839,70
4840,78
4841,53
4842,9
4843,13
4844,82
4849,37
4850,1
4851,37
4868,84
4869,30
4870,84
4873,35
4874,96
4875,20
4876,77
4879,33
4880,96
4883,84
4888,61
4889,77
4890,82
4892,36
4895,95
4896,5
4897,76
4898,33
4906,36
4908,59
4909,17
4911,20
4912,3
4919,64
4920,47
4921,45
4922,38
4934,65
4935,11
4936,46
4940,65
4941,31
4942,42
4943,1
4944,14
4945,42
4948,52
4949,52
4951,14
4952,10
4955,61
4957,5
4958,54
4959,61
4962,4
4965,95
4966,2
4967,86
4968,60
4979,10
4980,87
4981,81
4982,9
4983,50
4992,18
4993,40
4994,30
4995,28
4996,50
4997,83
5010,24
5011,81
5012,36
5013,2
5014,56
5018,13
5019,16
5020,39
5021,64
5022,38
5025,16
5026,40
5033,19
5037,18
5041,17
5042,10
5043,49
5044,11
5053,50
5054,54
5055,17
5056,11
5066,15
5067,84
5068,61
5069,12
5070,82
5071,59
5092,2
5093,28
5094,42
5098,0
5099,30
5100,27
5101,84
5102,60
5103,17
5104,77
5105,37
5108,55
5109,68
5119,35
5120,16
5121,21
5123,69
5124,34
5125,10
5126,8
5148,37
5149,79
5150,97
5151,12
5152,96
5153,48
5174,5
5175,26
5176,62
5180,47
5181,51
5182,79
5184,77
5187,10
5188,61
5200,54
5201,16
5203,47
5204,34
5205,97
5206,30
5220,39
5230,7
5232,86
5233,38
5257,27
5258,76
5263,77
5264,27
5265,84
5267,10
5268,60
5269,52
5270,24
5271,6
5272,97
5273,52
5285,37
5286,68
5287,94
5288,69
5289,52
5303,89
5315,97
5316,66
5319,42
5343,34
5344,69
5345,5
5351,11
5352,35
5353,14
5354,55
5355,42
5356,50
5357,44
5371,70
5372,97
5373,26
5374,2
5388,41
5397,84
5398,46
5428,37
5430,2
5438,63
5439,16
5440,78
5441,60
5442,70
5443,51
5444,40
5445,82
5446,2
5447,86
5448,82
5449,12
5459,66
5460,40
5463,7
5464,33
5465,4
5466,31
5479,89
5491,59
5492,59
5529,69
5530,40
5531,87
5532,69
5533,52
5535,37
5536,96
5546,1
5547,45
5548,21
5550,75
5551,35
5552,72
5553,9
5554,12
5568,75
5578,37
5579,78
5619,28
5620,11
5621,20
5622,3
5623,65
5624,30
5625,97
5626,32
5627,84
5637,42
5638,0
5639,40
5640,45
5641,47
5642,30
5644,86
5645,50
5646,12
5647,98
5661,16
5671,1
5672,71
5709,20
5710,27
5711,31
5712,60
5713,28
5714,10
5715,62
5724,65
5725,16
5726,45
5727,28
5728,5
5732,25
5733,2
5734,48
5735,72
5748,56
5760,64
5761,10
5798,77
5802,38
5803,54
5804,63
5816,37
5817,58
5818,4
5820,98
5821,3
5822,98
5823,60
5825,12
5826,0
5827,5
5828,68
5853,60
5854,5
5855,23
5888,39
5889,70
5897,16
5898,92
5899,6
5900,2
5901,43
5911,92
5912,22
5913,24
5914,91
5915,30
5917,39
5918,36
5919,4
5923,67
5924,65
5925,28
5926,13
5927,86
5928,32
5951,72
5952,52
5995,89
5996,34
5997,35
5998,39
5999,86
6009,49
6010,32
6011,89
6012,16
6013,68
6014,14
6016,73
6018,6
6019,96
6020,70
6023,20
6024,73
6046,40
6047,5
6069,20
6070,67
6071,20
6072,3
6073,20
6074,20
6075,17
6076,19
6077,19
6078,1
6079,5
6080,20
6081,20
6082,4
6083,32
6085,17
6086,41
6087,6
6095,95
6096,49
6097,75
6098,8
6100,94
6101,32
6102,22
6103,96
6104,46
6105,24
6108,86
6109,16
6110,10
6111,54
6128,42
6129,13
6130,28
6131,2
6149,6
6150,2
6151,19
6152,36
6153,4
6154,7
6155,36
6156,12
6157,20
6158,5
6159,73
6160,33
6161,78
6168,23
6169,69
6170,72
6171,68
6172,23
6173,24
6174,97
6175,24
6176,10
6177,60
6179,35
6182,57
6183,17
6184,4
6186,86
6187,80
6188,84
6198,63
6199,72
6222,27
6223,17
6224,17
6225,14
6226,7
6227,2
6228,24
6229,86
6230,23
6235,37
6236,57
6237,68
6238,2
6239,16
6240,60
6241,13
6242,13
6243,27
6244,42
6245,17
6246,12
6247,77
6248,45
6249,71
6254,4
6255,43
6256,11
6265,72
6266,68
6284,48
6285,93
6289,42
6291,72
6295,88
6296,32
6297,95
6298,55
6299,13
6300,52
6301,32
6302,40
6303,38
6304,34
6305,92
6306,36
6307,99
6308,52
6310,88
6311,48
6312,12
6318,10
6319,72
6320,20
6321,73
6326,99
6327,0
6343,39
6344,60
6345,30
6348,14
6349,16
6350,82
6354,17
6355,40
6359,84
6360,2
6361,86
6362,39
6363,7
6364,2
6365,12
6366,2
6367,14
6368,77
6369,4
6370,47
6371,4
6372,82
6373,20
6374,54
6375,93
6376,49
6385,2
6386,51
6387,1
6388,94
6391,54
6392,77
6402,86
6403,28
6404,6
6405,21
6407,5
6408,10
6410,52
6412,44
6413,1
6414,77
6417,87
6420,40
6425,77
6426,86
6427,45
6428,52
6429,88
6430,66
6431,87
6432,39
6433,61
6434,84
6435,47
6436,37
6437,33
6438,23
6439,37
6440,78
6441,60
6442,33
6443,93
6455,99
6456,68
6457,44
6458,86
6460,20
6461,94
6468,49
6469,36
6470,6
6471,63
6472,49
6473,35
6478,27
6479,37
6480,20
6482,46
6483,68
6484,5
6485,93
6486,89
6487,86
6488,2
6492,5
6493,7
6494,64
6495,60
6496,0
6497,77
6498,66
6499,36
6500,21
6501,85
6502,7
6503,3
6504,40
6505,37
6506,13
6507,11
6508,84
6509,37
6523,33
6524,92
6525,7
6526,72
6530,26
6535,96
6536,96
6537,20
6538,46
6539,16
6540,10
6548,92
6550,75
6552,70
6553,10
6554,44
6556,94
6558,86
6559,39
6564,69
6565,32
6567,6
6568,41
6569,24
6570,42
6571,41
6572,38
6573,48
6574,76
6575,2
6576,88
6577,40
6578,11
6579,89
6580,2
6596,69
6597,92
6598,20
6599,98
6609,2
6611,97
6612,85
6613,26
6614,69
6615,72
6616,2
6626,49
6627,11
6628,76
6629,47
6630,11
6631,5
6633,87
6635,21
6636,27
6637,62
6638,30
6639,6
6644,31
6645,96
6646,49
6647,42
6648,17
6649,4
6650,14
6651,2
6652,20
6653,97
6654,81
6655,9
6656,20
6657,22
6676,21
6677,95
6678,46
6679,63
6680,84
6687,44
6688,38
6689,17
6690,14
6705,84
6706,70
6707,79
6711,50
6712,63
6713,27
6714,89
6716,17
6717,3
6718,95
6719,5
6721,38
6722,38
6724,59
6725,96
6726,2
6747,1
6748,62
6764,3
6765,58
6766,13
6767,84
6768,97
6769,63
6772,30
6773,16
6774,39
6778,72
6781,16
6782,94
6783,28
6784,22
6785,41
6786,83
6788,20
6789,30
6797,86
6798,54
6823,19
6824,60
6845,12
6846,59
6847,11
6848,78
6849,35
6850,70
6851,63
6855,70
6856,39
6860,27
6866,30
6867,36
6868,3
6869,50
6870,88
6871,2
6877,66
6878,96
6879,35
6891,27
6892,32
6901,86
6902,66
6903,2
6906,24
6908,47
6922,95
6923,10
6927,52
6928,13
6930,49
6931,32
6940,1
6941,92
6942,16
6943,95
6944,43
6950,14
6951,67
6953,21
6964,58
6965,36
6979,59
6980,69
6984,77
6986,30
6999,52
7000,75
7001,71
7007,48
7008,60
7009,49
7011,24
7012,61
7022,1
7023,40
7024,97
7025,2
7030,3
7031,5
7042,65
7043,13
7057,9
7058,17
7062,92
7063,26
7073,63
7081,24
7082,77
7088,50
7089,17
7090,64
7092,95
7093,11
7105,27
7106,13
7110,42
7111,2
7113,76
7122,96
7123,60
7139,48
7140,28
7145,16
7146,2
7154,38
7162,4
7164,97
7165,7
7166,56
7167,35
7171,58
7172,71
7174,68
7175,10
7176,56
7190,25
7191,52
7192,16
7193,44
7194,64
7195,30
7196,54
7198,48
7199,59
7211,11
7212,11
7228,69
7229,86
7238,95
7246,95
7247,49
7248,13
7255,76
7256,62
7257,11
7258,79
7259,3
7260,75
7272,27
7273,29
7274,5
7277,22
7278,71
7279,54
7280,87
7282,89
7283,24
7284,12
7294,53
7295,72
7313,99
7314,87
7325,14
7335,92
7336,52
7337,41
7338,16
7339,24
7347,70
7348,65
7350,17
7351,6
7364,24
7365,80
7370,16
7371,96
7372,46
7373,50
7384,86
7385,2
7391,16
7392,10
7394,30
7402,1
7403,43
7404,3
7413,89
7414,16
7424,49
7425,13
7426,65
7427,39
7428,20
7429,78
7430,11
7440,19
7442,37
7443,86
7444,75
7446,46
7460,75
7461,11
7467,4
7468,84
7469,38
7470,58
7471,60
7481,68
7482,80
7483,35
7485,17
7486,53
7487,30
7488,37
7490,66
7497,38
7498,39
7508,96
7517,30
7518,49
7519,40
7528,67
7529,5
7530,21
7531,63
7532,12
7533,34
7534,8
7546,69
7547,42
7548,63
7556,28
7557,41
7558,5
7559,94
7567,96
7568,16
7569,30
7570,60
7571,82
7572,73
7576,93
7586,63
7587,22
7596,44
7597,64
7607,39
7608,37
7619,79
7620,66
7621,3
7622,21
7625,36
7626,17
7640,73
7641,88
7642,2
7653,14
7654,2
7655,86
7656,1
7657,89
7661,13
7662,33
7663,38
7664,37
7673,82
7674,18
7687,28
7688,4
7699,16
7700,45
7710,22
7711,4
7712,43
7713,70
7714,32
7715,85
7716,42
7730,86
7731,2
7732,44
7747,63
7748,43
7749,60
7750,6
7751,50
7753,96
7754,20
7755,24
7756,42
7758,69
7759,50
7772,33
7773,74
7798,28
7799,44
7809,16
7810,91
7812,38
7816,35
7817,58
7818,2
7833,50
7834,85
7852,19
7853,94
7854,19
7855,2
7856,94
7857,8
7858,33
7860,65
7861,75
7862,6
7874,36
7875,31
7877,5
7897,86
7898,2
7906,74
7907,28
7908,11
7909,11
7910,6
7911,2
7912,8
7926,27
7927,2
7928,61
7945,82
7948,7
7949,92
7950,97
7954,38
7955,20
7967,0
7968,37
7969,14
7970,5
7989,42
7990,14
7992,86
7993,60
8002,46
8003,27
8004,61
8008,69
8009,53
8010,2
8025,63
8026,56
8049,75
8050,30
8052,40
8053,75
8056,28
8059,90
8065,36
8066,1
8091,37
8092,2
8103,36
8104,77
8106,14
8108,38
8119,79
8120,45
8141,79
8142,58
8145,62
8146,54
8148,61
8151,88
8152,44
8162,84
8163,31
8185,76
8186,10
8188,30
8189,50
8190,44
8191,70
8192,69
8193,75
8195,64
8196,63
8197,82
8198,90
8199,90
8202,36
8203,2
8213,16
8214,28
8233,6
8234,10
8237,9
8238,48
8239,14
8240,10
8241,5
8248,10
8258,42
8259,17
8260,38
8279,2
8280,16
8281,63
8283,86
8284,11
8285,43
8286,10
8289,14
8290,24
8291,35
8292,12
8293,45
8294,59
8295,44
8296,95
8298,22
8299,17
8302,63
8307,31
8308,96
8309,34
8323,17
8324,74
8330,3
8331,77
8332,5
8333,98
8334,74
8347,6
8348,2
8349,44
8350,24
8369,86
8371,63
8372,72
8373,57
8374,13
8375,96
8376,41
8377,2
8384,39
8385,38
8386,54
8387,22
8388,79
8392,86
8393,5
8397,52
8398,13
8399,49
8406,48
8407,86
8409,84
8410,58
8424,93
8431,44
8433,33
8434,21
8435,46
8447,25
8448,44
8470,58
8472,56
8473,37
8474,36
8479,54
8485,67
8486,63
8488,28
8489,72
8492,78
8493,75
8494,97
8499,31
8500,69
8501,52
8512,78
8513,38
8524,53
8525,42
8538,70
8539,76
8561,36
8562,3
8563,58
8564,2
8565,10
8567,56
8568,73
8580,72
8582,78
8583,41
8588,69
8589,90
8590,93
8607,7
8610,39
8620,2
8631,60
8632,40
8633,63
8657,88
8658,53
8659,2
8673,10
8678,68
8679,14
8680,35
8681,10
8687,40
8688,56
8689,72
8691,56
8700,58
8701,13
8704,78
8715,48
8716,13
8718,88
8724,59
8725,86
8726,90
8727,60
8728,11
8751,27
8754,86
8755,39
8756,5
8767,57
8771,13
8779,40
8780,35
8783,89
8784,14
8797,44
8805,14
8806,13
8807,39
8808,11
8809,74
8811,63
8812,16
8813,21
8814,65
8816,1
8841,26
8844,75
8845,24
8846,5
8858,78
8862,60
8873,72
8879,6
8880,88
8881,72
8882,65
8904,4
8905,13
8906,21
8907,43
8910,92
8936,97
8937,12
8940,27
8942,44
8943,4
8955,10
8960,70
8978,16
8979,66
8981,23
9001,28
9002,41
9003,50
9004,20
9005,23
9006,21
9030,88
9037,96
9050,59
9056,39
9075,96
9076,59
9077,32
9101,10
9102,20
9103,78
9105,89
9107,78
9131,63
9137,77
9138,27
9150,11
9176,39
9177,27
9178,96
9182,92
9197,61
9204,59
9205,24
9206,86
9231,37
9232,2
9235,79
9236,22
9249,95
9254,83
9255,32
9256,63
9273,77
9277,70
9278,77
9279,66
9280,60
9301,44
9302,11
9303,47
9304,13
9305,13
9306,87
9307,60
9308,60
9309,84
9310,67
9330,73
9331,94
9332,40
9333,2
9349,12
9352,20
9353,86
9354,24
9355,40
9369,92
9373,16
9374,84
9375,50
9376,86
9377,96
9378,11
9391,28
9392,34
9393,17
9394,60
9396,68
9397,70
9402,1
9403,39
9404,72
9405,10
9406,36
9407,11
9408,43
9426,54
9428,78
9429,34
9450,0
9453,22
9454,40
9467,23
9468,77
9473,97
9474,99
9475,5
9481,74
9487,96
9493,62
9494,2
9503,20
9504,28
9505,84
9506,35
9507,61
9508,24
9509,23
9510,70
9514,66
9515,58
9522,86
9523,2
9524,69
9525,80
9526,17
9547,50
9550,12
9551,87
9564,20
9570,67
9571,82
9572,27
9573,84
9578,90
9589,70
9590,24
9596,72
9603,5
9604,98
9605,57
9606,81
9607,30
9608,96
9609,60
9617,97
9618,58
9620,7
9621,32
9637,16
9643,77
9649,76
9650,30
9651,28
9652,24
9655,94
9665,57
9667,44
9668,86
9669,48
9675,63
9685,89
9686,14
9687,13
9693,14
9704,14
9705,68
9706,24
9707,12
9708,44
9709,26
9710,59
9711,40
9716,13
9717,50
9718,64
9719,30
9738,49
9740,24
9741,76
9742,47
9743,42
9744,86
9745,5
9746,63
9751,25
9752,63
9753,46
9755,11
9765,44
9766,87
9770,86
9771,51
9772,32
9773,44
9774,17
9775,17
9791,56
9813,12
9814,69
9815,60
9816,52
9817,7
9818,34
9819,33
9841,60
9842,50
9843,42
9848,11
9849,82
9850,27
9851,78
9859,66
9860,49
9861,98
9862,11
9864,84
9865,66
9866,10
9867,86
9868,24
9869,62
9871,97
9872,5
9874,78
9888,58
9889,27
9914,17
9915,43
9916,77
9934,46
9938,37
9939,39
9940,62
9944,17
9945,16
9946,38
9947,63
9952,92
9953,0
9954,63
9956,50
9957,23
9958,17
9959,11
9960,27
9973,86
9974,63
9975,10
10003,28
10004,88
10005,33
10006,52
10030,5
10031,59
10032,14
10033,79
10035,4
10036,62
10037,14
10039,37
10040,59
10041,2
10042,32
10043,27
10044,40
10049,76
10050,66
10051,68
10052,95
10053,69
10054,70
10055,44
10056,84
10057,60
10071,77
10073,24
10074,36
10075,74
10104,83
10105,27
10114,72
10132,29
10133,30
10134,47
10135,41
10136,4
10137,63
10139,89
10140,52
10141,3
10146,50
10147,67
10148,56
10149,63
10150,60
10151,13
10155,11
10156,86
10157,34
10158,28
10159,65
10160,92
10161,17
10163,75
10164,3
10165,32
10166,75
10181,28
10185,78
10186,58
10216,12
10217,93
10218,46
10227,27
10243,68
10244,43
10245,60
10246,1
10247,54
10248,68
10249,29
10250,42
10251,50
10260,58
10261,64
10262,79
10263,39
10264,11
10265,78
10266,72
10267,60
10269,2
10270,17
10271,46
10272,23
10274,49
10275,50
10276,10
10277,42
10290,46
10294,39
10295,40
10296,50
10326,3
10327,17
10328,40
10353,89
10354,69
10355,17
10356,10
10357,97
10358,40
10359,59
10360,70
10361,69
10362,45
10363,25
10364,11
10365,98
10368,84
10369,41
10370,32
10383,66
10384,40
10385,14
10388,0
10391,59
10392,86
10393,72
10394,71
10395,63
10397,64
10398,70
10414,72
10420,17
10421,24
10422,74
10440,22
10441,74
10447,5
10449,36
10450,38
10451,18
10472,12
10473,62
10474,11
10475,21
10476,78
10477,45
10478,13
10479,11
10481,34
10482,47
10484,86
10485,54
10487,39
10488,20
10489,84
10490,47
10491,13
10492,50
10508,28
10509,56
10510,94
10511,19
10512,37
10513,21
10514,61
10515,69
10516,2
10517,20
10518,33
10519,79
10520,14
10536,52
10541,14
10542,54
10543,79
10561,35
10562,3
10563,10
10568,53
10569,24
10570,74
10588,24
10589,28
10590,40
10591,94
10592,30
10593,17
10594,3
10595,2
10598,39
10599,20
10600,12
10601,54
10602,57
10603,41
10604,35
10622,89
10623,42
10624,12
10625,11
10626,86
10627,45
10628,10
10629,94
10630,60
10634,20
10635,24
10636,40
10637,84
10652,86
10660,33
10661,92
10662,11
10678,95
10679,10
10682,16
10684,32
10685,56
10691,20
10699,12
10700,27
10701,13
10702,19
10703,97
10704,50
10705,17
10706,20
10707,32
10712,49
10713,32
10715,39
10716,87
10717,89
10733,65
10734,5
10735,86
10736,69
10737,24
10738,47
10739,54
10740,16
10741,0
10742,30
10743,67
10745,11
10746,45
10751,11
10752,9
10757,87
10764,10
10768,70
10777,13
10793,37
10794,12
10795,0
10798,54
10800,26
10801,4
10802,40
10806,24
10812,48
10813,24
10814,13
10815,23
10816,16
10817,50
10818,14
10821,50
10822,32
10823,21
10824,14
10825,41
10826,72
10829,64
10830,2
10844,24
10845,11
10846,67
10847,54
10848,2
10849,14
10850,12
10851,14
10852,30
10853,14
10854,5
10855,98
10856,86
10857,96
10858,4
10865,73
10880,32
10889,6
10905,78
10906,70
10907,37
10908,46
10909,66
10911,60
10912,45
10913,66
10914,54
10915,14
10918,60
10921,77
10922,94
10923,7
10924,30
10925,72
10926,5
10939,96
10940,62
10941,30
10942,12
10946,41
10947,21
10950,44
10951,31
10962,96
10963,63
10964,89
10971,90
10972,61
10973,1
10980,0
10981,30
11002,6
11003,75
11017,87
11018,7
11019,34
11020,21
11021,4
11022,73
11023,20
11024,2
11025,13
11026,39
11027,30
11028,71
11030,12
11031,50
11032,13
11033,12
11034,31
11035,4
11036,20
11041,64
11042,54
11046,94
11050,63
11053,64
11056,56
11057,13
11058,34
11065,2
11066,21
11069,10
11070,45
11079,70
11080,6
11081,65
11082,11
11099,11
11103,36
11116,96
11117,50
11118,53
11119,77
11134,62
11135,14
11136,82
11138,60
11139,17
11140,1
11141,21
11143,99
11144,16
11145,78
11146,2
11147,78
11148,35
11149,29
11150,2
11158,17
11159,34
11164,4
11165,69
11167,89
11168,68
11169,69
11173,28
11174,33
11175,6
11185,63
11186,10
11189,78
11190,10
11195,97
11196,43
11197,24
11198,1
11209,63
11211,77
11232,14
11233,50
11234,88
11235,84
11236,2
11248,5
11249,51
11252,39
11254,78
11255,64
11257,30
11260,7
11261,54
11262,42
11263,5
11277,20
11282,61
11284,38
11285,22
11286,78
11287,11
11289,92
11290,0
11292,94
11293,0
11294,44
11295,30
11307,89
11308,86
11311,84
11312,54
11316,56
11317,69
11318,80
11319,10
11320,95
11328,47
11329,94
11330,54
11331,78
11332,66
11333,70
11334,0
11335,13
11336,63
11345,13
11346,78
11353,16
11354,70
11355,42
11371,27
11372,2
11373,56
11374,1
11375,97
11377,59
11378,5
11379,76
11380,37
11396,2
11397,50
11399,45
11400,5
11401,32
11403,95
11405,44
11408,94
11409,94
11410,69
11411,46
11412,65
11413,72
11427,16
11428,63
11429,88
11432,14
11433,30
11434,24
11435,27
11436,24
11437,2
11446,60
11447,66
11448,24
11449,75
11450,44
11451,77
11452,17
11453,2
11454,17
11455,47
11456,87
11457,10
11458,44
11459,86
11467,7
11468,35
11470,98
11471,11
11472,92
11476,86
11477,9
11478,95
11479,45
11480,62
11481,10
11494,69
11495,92
11496,35
11497,30
11499,92
11500,2
11501,64
11502,35
11520,5
11524,38
11526,64
11527,37
11528,3
11529,75
11533,68
11534,13
11536,62
11537,98
11555,4
11556,34
11557,7
11558,94
11559,54
11567,59
11569,90
11570,89
11572,87
11574,16
11575,41
11576,84
11577,36
11578,24
11587,2
11589,17
11596,22
11597,72
11598,63
11599,14
11600,20
11601,27
11602,9
11603,63
11617,10
11619,56
11620,28
11637,15
11639,18
11643,78
11644,58
11645,4
11646,53
11647,38
11648,33
11650,26
11651,42
11652,30
11653,69
11654,92
11655,20
11674,14
11675,84
11676,16
11677,72
11678,77
11679,2
11683,89
11684,38
11685,86
11686,72
11687,12
11694,76
11695,70
11697,27
11698,39
11699,77
11700,1
11701,20
11702,22
11703,61
11709,14
11710,61
11711,13
11712,13
11713,18
11714,27
11715,24
11724,73
11725,34
11726,50
11727,18
11728,50
11730,12
11731,11
11733,34
11751,84
11752,61
11753,21
11755,5
11758,12
11759,11
11780,16
11781,7
11782,96
11783,68
11784,70
11785,63
11786,43
11791,13
11792,58
11798,81
11799,49
11800,17
11801,41
11809,2
11810,5
11811,3
11812,87
11813,50
11814,39
11815,86
11817,63
11818,6
11820,89
11822,93
11823,63
11826,95
11827,32
11828,39
11847,86
11848,36
11849,32
11853,97
11854,27
11855,8
11856,30
11875,94
11876,21
11877,96
11878,52
11879,47
11880,93
11881,89
11882,2
11883,41
11887,48
11888,1
11894,7
11895,89
11896,5
11897,86
11898,50
11906,27
11907,49
11908,44
11909,56
11910,20
11911,12
11912,56
11913,0
11914,63
11915,28
11921,38
11922,84
11923,3
11942,62
11943,2
11949,50
11950,10
11951,62
11952,31
11953,2
11954,84
11955,50
11972,12
11973,31
11974,2
11975,65
11976,2
11977,36
11978,62
11979,15
11980,62
11981,54
11984,36
11985,13
11986,50
11987,27
11988,81
11989,13
11990,4
11991,70
11992,13
11993,13
11994,71
11995,86
11996,86
11998,50
11999,48
12000,54
12001,64
12002,2
12006,14
12007,6
12008,69
12013,30
12014,84
12015,17
12017,49
12019,2
12020,27
12022,93
12023,52
12028,95
12029,40
12047,14
12048,98
12053,61
12054,98
12055,70
12056,2
12057,58
12058,69
12073,39
12074,8
12075,87
12076,39
12077,82
12078,63
12079,38
12080,58
12081,13
12082,47
12083,97
12084,85
12085,5
12086,5
12087,22
12088,97
12089,70
12090,63
12091,81
12094,39
12095,72
12096,38
12097,28
12103,20
12104,86
12105,86
12106,31
12107,20
12112,41
12113,13
12114,39
12115,60
12116,94
12117,17
12119,39
12120,58
12121,79
12122,12
12128,2
12129,78
12130,2
12147,63
12151,68
12152,93
12153,64
12154,12
12156,39
12157,7
12171,94
12172,13
12173,0
12174,4
12176,45
12177,66
12178,67
12179,60
12180,38
12181,28
12182,15
12183,63
12184,27
12185,10
12186,69
12187,27
12188,26
12189,16
12190,5
12191,12
12192,19
12193,17
12194,63
12195,44
12196,54
12207,37
12208,78
12209,5
12210,85
12211,75
12215,3
12220,52
12221,75
12229,45
12230,87
12239,47
12240,56
12241,13
12242,97
12245,96
12246,16
12247,90
12248,50
12250,10
12251,63
12263,24
12264,31
12265,46
12266,50
12267,90
12268,60
12269,42
12270,86
12271,44
12272,54
12273,27
12274,70
12275,76
12276,17
12277,13
12278,32
12282,63
12283,60
12284,0
12287,66
12294,87
12295,87
12296,46
12297,56
12298,30
12300,45
12301,9
12302,14
12303,10
12304,82
12309,19
12310,10
12311,14
12320,39
12321,32
12322,42
12331,30
12332,97
12333,10
12334,50
12335,91
12336,45
12337,36
12338,92
12339,72
12340,38
12341,48
12351,61
12352,19
12353,22
12354,32
12355,0
12357,29
12358,57
12359,17
12360,60
12361,50
12362,27
12363,20
12364,7
12365,75
12367,16
12368,2
12377,26
12378,46
12379,63
12380,2
12381,54
12382,16
12383,17
12384,82
12385,11
12386,68
12387,32
12389,70
12398,94
12407,38
12408,86
12409,0
12414,24
12415,78
12416,77
12417,12
12418,14
12420,35
12422,92
12423,64
12424,8
12425,21
12426,16
12427,82
12428,17
12429,90
12430,2
12437,96
12438,14
12439,94
12440,59
12441,28
12442,3
12443,25
12444,27
12445,37
12446,82
12447,59
12448,84
12449,52
12452,79
12453,14
12462,3
12463,0
12464,87
12465,54
12466,5
12467,76
12481,96
12482,5
12483,28
12485,92
12486,58
12487,68
12488,80
12489,22
12492,88
12493,93
12494,3
12495,54
12496,14
12497,10
12498,10
12500,21
12502,16
12503,1
12504,40
12506,36
12507,59
12513,92
12514,13
12515,48
12516,10
12517,75
12518,75
12519,52
12520,76
12521,30
12522,0
12523,40
12524,83
12527,9
12528,17
12538,1
12540,86
12541,16
12542,17
12543,2
12544,47
12559,85
12560,77
12561,37
12562,97
12563,92
12564,56
12565,12
12567,64
12568,71
12569,5
12570,78
12571,78
12572,62
12573,61
12574,17
12575,32
12576,96
12577,86
12581,38
12582,50
12583,50
12584,84
12585,22
12587,70
12588,13
12589,42
12590,18
12591,52
12592,2
12593,2
12594,85
12595,12
12596,69
12597,27
12598,79
12601,59
12602,95
12610,14
12611,69
12612,27
12613,35
12614,77
12615,18
12616,17
12617,84
12629,37
12630,85
12631,25
12632,42
12633,78
12634,65
12635,1
12636,89
12637,60
12639,70
12640,51
12641,20
12643,24
12645,27
12646,5
12649,1
12650,71
12652,45
12654,20
12656,13
12657,40
12658,6
12659,33
12660,42
12661,94
12662,37
12663,34
12664,50
12665,49
12666,30
12669,38
12670,33
12679,10
12680,54
12683,39
12684,5
12685,87
12686,16
12687,96
12688,38
12689,44
12697,22
12698,69
12699,31
12700,5
12701,32
12702,59
12703,66
12704,58
12705,70
12706,41
12707,11
12708,42
12709,18
12710,72
12711,45
12712,56
12713,91
12714,66
12715,65
12716,76
12717,82
12718,97
12719,97
12720,86
12721,59
12722,57
12723,10
12724,38
12725,32
12726,79
12727,31
12728,61
12731,54
12732,1
12733,11
12734,47
12735,8
12736,97
12737,38
12738,11
12739,66
12740,82
12741,60
12743,9
12744,54
12745,33
12746,48
12747,50
12748,70
12749,65
12752,4
12753,32
12754,92
12755,11
12756,94
12757,10
12763,17
12764,46
12765,86
12766,26
12767,11
12768,50
12775,50
12776,68
12777,27
12778,68
12779,82
12780,7
12781,61
12782,61
12783,39
12784,83
12785,39
12786,91
12787,24
12788,97
12789,13
12790,27
12791,31
12792,66
12793,46
12794,83
12795,90
12796,96
12797,5
12798,8
12799,8
12800,0
12801,1
12802,68
12803,22
12804,62
12805,96
12806,95
12807,39
12808,64
12809,39
12810,32
12811,53
12812,60
12813,33
12815,5
12817,34
12818,11
12819,4
12820,30
12822,16
12824,94
12825,17
12826,39
12827,51
12829,7
12830,14
12831,89
12832,8
12835,97
12836,53
12837,30
12838,46
12839,84
12840,61
12841,7
12842,30
12843,86
12844,23
12845,18
12846,61
12847,27
12848,44
12849,13
12850,4
12851,16
12852,13
12853,11
12854,14
12855,63
12856,27
12858,43
12859,24
12862,73
12863,77
12873,78
12874,63
12875,14
12876,78
12879,77
12883,10
12890,66
12891,10
12892,89
12893,43
12894,11
12895,97
12896,87
12897,22
12898,33
12899,87
12900,61
12901,7
12902,3
12904,4
12905,97
12906,53
12907,8
12908,84
12909,77
12910,10
12911,58
12912,12
12913,8
12914,51
12915,6
12916,44
12917,2
12918,60
12919,88
12920,13
12921,10
12922,96
12923,10
12924,11
12925,20
12926,40
12927,38
12928,55
12929,40
12930,12
12931,85
12932,78
12933,84
12935,14
12936,78
12937,54
12938,62
12939,14
12940,72
12941,60
12942,97
12943,67
12944,88
12945,3
12948,5
12949,98
12950,86
12952,68
12953,72
12955,24
12956,44
12958,20
12959,29
12960,84
12961,73
12962,40
12963,39
12964,7
12965,14
12966,70
12967,48
12968,50
12969,77
12970,93
12971,93
12972,93
12973,86
12974,86
12975,42
12976,17
12977,84
12978,69
12981,21
12982,27
12983,61
12992,28
12993,13
12994,92
12995,28
12996,84
12997,60
13013,78
13014,86
13015,36
13016,15
13018,64
13019,7
13020,99
13021,17
13022,15
13023,82
13024,90
13025,40
13026,20
13027,33
13028,22
13029,78
13032,57
13033,38
13034,11
13035,63
13036,5
13037,56
13038,40
13039,30
13040,95
13041,19
13042,81
13043,60
13044,87
13045,35
13046,30
13048,73
13049,53
13050,10
13051,42
13052,74
13053,41
13054,38
13055,2
13056,54
13057,4
13058,12
13059,84
13060,52
13061,13
13062,86
13065,24
13067,44
13068,10
13069,58
13070,39
13071,69
13072,23
13073,80
13074,55
13075,24
13076,5
13077,60
13080,50
13081,25
13082,4
13084,14
13085,32
13086,28
13087,21
13088,16
13089,61
13090,22
13091,13
13092,12
13093,2
13094,3
13095,59
13096,17
13097,61
13098,6
13099,69
13100,40
13104,3
13105,20
13106,49
13107,78
13108,2
13122,20
13123,28
13124,60
13137,57
13138,28
13139,59
13140,12
13141,71
13142,5
13143,29
13144,70
13145,96
13146,82
13147,37
13148,20
13149,7
13150,20
13151,59
13153,86
13154,69
13155,35
13156,1
13157,87
13158,86
13159,44
13160,13
13161,86
13162,13
13163,97
13164,4
13165,46
13167,86
13169,68
13170,12
13171,16
13172,61
13173,24
13174,14
13175,21
13176,7
13177,5
13178,63
13179,73
13180,73
13181,70
13182,59
13183,44
13185,14
13186,57
13187,38
13188,60
13189,20
13195,77
13196,22
13201,84
13202,17
13203,32
13204,60
13205,12
13206,94
13207,46
13208,84
13210,3
13211,12
13212,13
13213,72
13217,6
13218,2
13219,46
13220,69
13221,60
13222,13
13239,2
13240,40
13251,59
13252,3
13253,47
13254,2
13255,95
13256,68
13257,16
13258,89
13259,47
13260,94
13261,17
13262,14
13263,63
13265,85
13266,11
13267,55
13268,10
13269,57
13270,44
13271,27
13272,46
13273,31
13274,20
13275,31
13276,87
13277,5
13278,82
13281,4
13283,0
13284,46
13286,63
13287,20
13288,84
13289,60
13290,5
13291,10
13292,46
13293,83
13294,53
13295,8
13296,13
13297,23
13298,47
13299,40
13300,27
13301,78
13302,50
13303,71
13304,50
13305,27
13310,33
13311,52
13313,84
13314,12
13315,50
13316,12
13317,60
13319,66
13321,37
13322,41
13323,7
13324,6
13327,19
13329,78
13330,95
13331,56
13332,9
13333,45
13352,91
13353,28
13354,13
13355,47
13357,98
13367,56
13368,7
13369,78
13370,7
13371,4
13372,89
13373,9
13374,20
13375,97
13376,5
13377,58
13378,2
13379,93
13380,63
13381,73
13382,44
13383,54
13384,8
13385,4
13386,15
13387,95
13388,28
13389,67
13390,15
13391,63
13392,14
13393,27
13395,45
13396,36
13398,96
13399,27
13400,24
13401,7
13402,54
13403,87
13405,44
13406,39
13407,76
13408,38
13409,14
13410,60
13412,58
13413,20
13414,97
13415,69
13416,78
13417,97
13418,6
13422,7
13423,10
13424,37
13425,11
13426,10
13427,58
13428,10
13429,54
13430,5
13431,12
13432,16
13433,43
13434,73
13438,85
13439,82
13440,24
13441,97
13442,34
13443,86
13444,27
13458,59
13459,86
13460,13
13461,67
13466,24
13467,15
13468,54
13469,11
13470,27
13471,56
13472,6
13473,97
13474,56
13475,50
13476,98
13477,4
13478,40
13479,67
13480,45
13481,57
13482,97
13483,52
13484,76
13485,2
13486,66
13487,44
13488,34
13489,81
13490,19
13491,4
13492,17
13493,14
13494,82
13495,2
13496,85
13497,36
13498,97
13499,94
13500,57
13501,99
13502,4
13503,5
13504,22
13505,37
13506,56
13507,27
13508,38
13509,92
13510,49
13511,1
13512,87
13513,64
13516,13
13517,65
13518,78
13519,13
13520,2
13523,25
13524,13
13528,17
13529,64
13530,77
13532,25
13533,13
13537,36
13538,22
13539,17
13540,26
13541,4
13544,49
13545,26
13546,42
13547,31
13548,56
13549,20
13550,36
13551,52
13552,7
13553,5
13556,69
13557,72
13558,44
13574,95
13575,83
13581,86
13582,54
13583,63
13584,99
13585,89
13586,20
13587,13
13588,30
13589,63
13590,74
13591,24
13592,64
13593,47
13594,46
13595,75
13596,27
13597,5
13598,37
13599,32
13600,13
13601,13
13602,30
13604,88
13605,4
13606,86
13607,2
13609,47
13610,32
13611,52
13612,21
13613,17
13614,64
13616,63
13617,14
13618,3
13619,63
13620,59
13621,82
13622,28
13623,1
13628,25
13629,10
13630,92
13632,40
13633,50
13636,52
13637,17
13638,41
13639,13
13641,0
13642,10
13643,39
13644,14
13645,73
13646,37
13647,77
13648,52
13649,25
13650,4
13651,11
13658,62
13659,34
13660,75
13661,2
13680,57
13681,42
13682,39
13683,21
13687,94
13688,85
13689,79
13690,21
13691,28
13692,62
13693,73
13694,49
13695,94
13696,53
13697,0
13698,87
13699,87
13700,15
13701,42
13702,2
13705,85
13706,2
13707,25
13708,33
13709,16
13710,69
13711,70
13712,27
13713,20
13714,63
13716,92
13719,26
13720,10
13721,35
13723,7
13724,13
13725,86
13726,45
13727,93
13728,24
13729,21
13730,24
13731,86
13736,6
13737,84
13745,57
13746,82
13747,14
13748,12
13749,42
13750,12
13751,44
13753,13
13754,50
13755,44
13756,54
13757,32
13758,72
13759,47
13760,54
13761,46
13762,51
13763,23
13764,25
13765,14
13766,96
13767,32
13768,24
13769,19
13770,4
13784,14
13785,82
13801,92
13802,42
13803,5
13804,1
13805,88
13806,36
13807,21
13808,30
13809,86
13810,44
13811,17
13812,16
13813,14
13814,2
13815,27
13816,70
13817,71
13818,45
13819,21
13820,10
13821,73
13822,50
13823,95
13824,84
13825,5
13826,3
13827,25
13828,42
13829,10
13830,89
13831,72
13832,85
13833,72
13835,8
13836,62
13837,16
13838,76
13839,77
13840,63
13841,16
13844,21
13845,37
13846,4
13847,46
13848,61
13849,16
13850,89
13851,4
13852,82
13854,97
13855,34
13856,52
13857,95
13858,92
13859,78
13861,62
13862,62
13864,97
13867,12
13868,63
13871,3
13876,13
13880,16
13881,95
13882,50
13883,91
13884,76
13885,75
13886,68
13887,16
13888,83
13889,36
13890,3
13891,16
13892,22
13893,30
13918,97
13921,5
13934,95
13935,3
13936,19
13937,88
13938,65
13939,13
13940,37
13943,5
13944,20
13945,10
13946,59
13947,86
13948,0
13949,70
13950,86
13951,92
13952,11
13953,14
13954,20
13955,91
13957,61
13958,90
13959,12
13960,86
13961,22
13962,60
13963,37
13964,50
13965,85
13966,2
13968,46
13969,67
13970,63
13971,63
13972,78
13973,34
13975,56
13976,10
13977,71
13978,59
13979,5
13980,94
13981,54
13982,38
13983,86
13985,12
13986,5
13988,34
13989,2
13990,45
13991,13
13992,79
13993,21
13995,16
13996,52
14000,69
14004,46
14006,24
14007,87
14008,35
14009,91
14010,24
14011,52
14012,11
14013,14
14014,10
14015,73
14022,35
14025,54
14026,20
14040,79
14048,89
14049,92
14050,16
14051,39
14052,4
14053,77
14054,14
14055,20
14063,50
14065,13
14066,14
14067,66
14068,13
14069,37
14070,8
14071,97
14072,82
14073,63
14074,52
14075,69
14076,52
14077,2
14078,90
14079,23
14080,86
14081,69
14082,25
14084,16
14085,44
14086,2
14087,63
14088,61
14089,86
14090,11
14091,86
14093,28
14094,2
14095,27
14096,95
14097,2
14098,10
14099,82
14102,65
14103,69
14104,13
14107,97
14108,29
14109,38
14110,96
14111,73
14112,44
14113,59
14114,40
14115,5
14116,6
14118,5
14119,44
14120,16
14122,14
14123,89
14125,50
14126,94
14129,92
14130,64
14131,46
14132,24
14133,7
14134,2
14139,66
14140,53
14141,1
14143,39
14144,50
14145,33
14146,6
14147,77
14149,78
14150,84
14151,14
14152,19
14156,89
14157,77
14159,60
14165,16
14166,36
14169,38
14170,14
14171,66
14178,12
14179,94
14180,20
14181,10
14182,89
14183,66
14184,75
14185,16
14186,35
14194,4
14196,60
14197,11
14198,72
14199,37
14200,70
14201,63
14202,14
14203,39
14204,2
14205,97
14206,14
14207,20
14208,37
14209,77
14210,89
14211,24
14212,17
14213,48
14214,59
14215,49
14216,14
14217,2
14219,99
14220,17
14221,4
14224,16
14225,57
14226,27
14227,37
14228,34
14229,24
14230,3
14231,72
14232,35
14233,73
14235,77
14236,59
14237,99
14238,69
14239,50
14240,91
14241,6
14242,64
14243,9
14244,5
14245,78
14246,25
14247,45
14248,32
14249,27
14250,39
14251,97
14253,76
14254,4
14255,22
14256,37
14258,66
14259,10
14262,52
14264,9
14265,69
14267,14
14271,94
14272,68
14273,51
14274,64
14275,95
14276,76
14277,59
14278,50
14279,96
14285,42
14286,37
14287,0
14293,79
14294,13
14295,20
14296,97
14297,36
14298,20
14310,15
14311,5
14312,72
14313,84
14314,65
14315,79
14316,20
14317,39
14318,16
14319,34
14320,77
14321,14
14322,14
14323,10
14324,76
14325,7
14326,14
14327,2
14329,97
14330,3
14331,62
14334,82
14335,97
14336,11
14337,33
14339,60
14340,38
14341,14
14342,66
14343,44
14344,36
14345,98
14346,63
14348,89
14349,23
14350,9
14351,30
14353,77
14354,16
14355,76
14356,87
14357,32
14358,81
14359,5
14361,17
14362,19
14363,78
14364,48
14365,40
14367,42
14368,6
14369,47
14370,14
14371,11
14372,34
14373,43
14374,4
14375,3
14378,5
14379,36
14384,7
14385,26
14388,69
14389,27
14390,42
14391,13
14392,11
14393,91
14394,84
14395,30
14396,6
14397,10
14399,49
14400,42
14404,35
14405,95
14406,20
14407,39
14411,3
14412,11
14413,69
14414,54
14415,26
14416,11
14417,1
14430,95
14431,44
14432,78
14433,91
14434,73
14435,57
14436,20
14437,14
14438,60
14439,5
14440,52
14441,68
14442,70
14443,44
14444,17
14445,52
14446,89
14447,23
14448,27
14449,67
14450,0
14451,50
14452,39
14453,63
14454,11
14455,39
14456,6
14458,28
14459,73
14460,1
14462,16
14463,39
14464,63
14465,10
14466,83
14467,80
14468,95
14469,11
14470,14
14471,78
14472,11
14474,14
14475,80
14476,32
14477,45
14478,16
14479,10
14480,50
14481,40
14484,85
14485,78
14486,17
14487,61
14488,66
14489,10
14490,10
14491,27
14492,13
14493,50
14494,14
14495,31
14496,30
14499,35
14500,5
14501,63
14503,37
14504,32
14507,60
14508,96
14509,60
14510,10
14511,80
14512,24
14513,85
14514,24
14515,17
14516,21
14517,52
14518,75
14519,17
14520,48
14521,82
14522,52
14525,87
14529,90
14530,37
14532,60
14533,49
14534,37
14535,10
14551,46
14552,41
14553,27
14556,24
14557,94
14558,32
14559,24
14560,4
14561,66
14562,76
14563,14
14564,33
14565,5
14566,86
14567,66
14568,24
14569,82
14571,65
14572,87
14574,16
14575,96
14576,53
14577,63
14578,77
14579,58
14580,87
14581,71
14582,76
14583,2
14584,39
14585,32
14586,87
14587,63
14588,95
14589,38
14592,92
14593,38
14594,63
14596,14
14597,12
14600,24
14601,70
14602,72
14603,16
14604,96
14605,45
14606,64
14607,97
14609,38
14610,86
14611,56
14612,60
14613,13
14614,30
14615,32
14616,66
14617,31
14618,14
14619,58
14620,20
14621,93
14625,44
14626,44
14632,24
14634,19
14635,11
14636,62
14637,86
14638,96
14639,45
14640,7
14641,8
14642,32
14643,64
14644,49
14645,34
14646,6
14647,3
14649,63
14650,41
14652,12
14653,66
14656,77
14657,38
14658,42
14665,78
14666,20
14667,27
14668,40
14669,38
14670,3
14671,11
14688,24
14691,54
14692,61
14693,24
14694,64
14695,68
14696,50
14697,88
14698,33
14699,14
14700,10
14701,37
14702,95
14704,56
14705,51
14706,83
14707,86
14708,69
14709,25
14710,17
14711,47
14712,61
14713,46
14714,62
14715,11
14716,64
14717,97
14718,84
14719,38
14720,71
14721,20
14722,96
14723,1
14724,77
14725,51
14726,12
14727,38
14728,19
14729,60
14730,37
14731,4
14732,41
14733,66
14734,35
14735,29
14737,2
14739,60
14740,84
14741,20
14743,24
14744,24
14745,5
14746,68
14747,43
14748,1
14749,50
14750,6
14751,38
14752,6
14753,65
14754,39
14755,54
14756,12
14758,77
14760,57
14761,76
14762,60
14768,88
14769,69
14770,68
14771,97
14772,21
14773,4
14774,3
14775,60
14776,14
14777,52
14778,3
14779,3
14780,22
14781,10
14782,96
14783,85
14785,63
14793,69
14794,96
14795,75
14796,7
14797,5
14798,27
14815,6
14816,27
14817,74
14818,13
14819,38
14820,1
14821,5
14822,78
14823,77
14824,58
14825,69
14826,44
14827,86
14828,84
14829,68
14830,66
14831,73
14832,99
14834,84
14835,78
14836,52
14837,24
14838,39
14839,11
14840,63
14841,67
14842,4
14843,6
14844,1
14845,9
14846,22
14847,13
14850,78
14851,89
14852,5
14854,67
14855,0
14856,70
14859,59
14860,11
14861,46
14862,37
14863,52
14864,60
14865,4
14866,9
14868,36
14869,23
14870,5
14871,68
14872,33
14873,34
14875,77
14876,20
14877,2
14878,19
14879,39
14880,65
14881,40
14882,58
14883,17
14884,12
14885,20
14886,79
14887,78
14888,20
14891,28
14892,98
14894,2
14895,14
14896,3
14897,10
14903,82
14904,2
14905,10
14906,93
14907,67
14908,63
14909,96
14910,12
14911,4
14913,48
14914,12
14919,89
14921,48
14922,94
14923,17
14924,16
14925,39
14926,21
14927,88
14928,35
14929,58
14930,37
14931,8
14933,66
14934,63
14935,97
14936,82
14953,14
14956,38
14957,85
14958,11
14959,82
14960,92
14961,76
14962,5
14963,17
14964,95
14965,2
14966,37
14968,69
14969,7
14970,9
14971,63
14972,23
14973,60
14974,13
14975,84
14976,30
14979,28
14980,11
14981,31
14982,27
14986,55
14987,3
14988,82
14990,97
14991,75
14992,16
14994,56
14995,4
14997,45
14998,7
14999,69
15000,32
15001,85
15002,2
15003,57
15004,6
15005,42
15006,93
15007,3
15008,46
15009,40
15010,76
15011,15
15012,5
15013,88
15014,92
15015,99
15016,95
15017,64
15018,32
15019,32
15020,18
15021,77
15022,20
15023,86
15024,50
15025,50
15030,34
15031,19
15032,87
15033,67
15039,72
15040,38
15041,88
15042,41
15043,36
15044,32
15045,50
15046,52
15047,42
15048,4
15049,1
15051,60
15052,28
15053,11
15061,97
15063,7
15064,49
15065,13
15066,20
15067,89
15068,74
15069,75
15070,14
15071,17
15079,65
15080,95
15104,12
15105,48
15106,65
15108,28
15109,58
15110,45
15111,68
15112,34
15113,58
15114,29
15115,32
15116,13
15117,37
15118,63
15119,45
15120,16
15121,54
15122,26
15123,95
15124,18
15125,25
15126,80
15127,66
15128,32
15129,97
15130,34
15131,7
15132,6
15133,41
15134,62
15135,50
15138,97
15140,24
15141,44
15142,24
15143,10
15144,70
15145,6
15146,91
15147,83
15148,75
15149,60
15150,82
15151,22
15152,6
15153,3
15154,11
15155,78
15156,83
15157,61
15159,72
15160,63
15161,14
15162,94
15163,35
15164,20
15165,24
15166,70
15167,69
15168,30
15170,63
15171,79
15172,62
15173,46
15174,5
15175,46
15176,30
15177,62
15180,59
15181,66
15182,82
15183,63
15184,9
15190,88
15191,94
15192,21
15193,44
15194,16
15195,4
15196,36
15197,75
15198,11
15199,1
15204,96
15205,60
15207,72
15208,36
15210,12
15211,38
15212,46
15213,25
15214,11
15215,4
15216,78
15217,85
15218,63
15219,38
15221,14
15233,38
15234,16
15256,82
15264,30
15265,70
15266,79
15267,94
15268,1
15269,53
15270,4
15271,24
15272,21
15273,10
15274,0
15275,64
15276,89
15278,96
15280,46
15281,0
15282,40
15283,82
15284,84
15285,39
15286,34
15287,41
15288,96
15289,22
15290,49
15291,82
15292,16
15293,2
15294,36
15296,9
15297,33
15298,80
15301,19
15302,45
15303,82
15304,28
15305,38
15306,85
15307,97
15308,27
15309,72
15310,66
15311,53
15312,86
15313,53
15314,78
15315,60
15316,66
15317,78
15318,46
15319,21
15320,6
15321,50
15322,7
15323,59
15324,79
15325,56
15326,40
15327,25
15328,0
15329,40
15330,75
15331,84
15333,26
15334,20
15338,37
15339,13
15341,28
15342,63
15343,66
15344,85
15345,6
15346,33
15347,68
15348,75
15349,24
15350,30
15351,81
15355,28
15356,93
15357,62
15362,97
15363,59
15364,30
15365,52
15366,13
15367,38
15368,32
15369,47
15370,21
15371,30
15372,3
15373,7
15374,20
15390,17
15391,99
15420,27
15421,32
15423,63
15424,30
15425,39
15426,10
15427,14
15428,24
15429,82
15430,82
15431,39
15432,96
15433,17
15434,19
15435,7
15436,86
15437,46
15438,16
15439,85
15440,47
15441,5
15442,45
15443,69
15444,70
15445,48
15446,76
15447,42
15449,44
15450,82
15452,93
15453,11
15454,42
15455,89
15456,60
15457,77
15459,59
15460,51
15461,35
15462,16
15463,71
15464,43
15465,61
15466,10
15467,63
15468,90
15469,77
15470,84
15471,66
15472,32
15473,97
15474,45
15475,53
15476,30
15477,96
15478,13
15479,21
15481,95
15482,12
15483,30
15484,63
15486,52
15487,46
15488,80
15489,3
15490,59
15491,24
15492,66
15493,16
15494,22
15495,10
15499,14
15500,24
15501,45
15502,78
15503,30
15504,11
15505,4
15506,2
15510,4
15511,73
15518,82
15519,7
15522,77
15523,38
15524,85
15525,12
15526,19
15527,58
15528,8
15529,96
15530,16
15531,33
15532,21
15552,39
15553,99
15580,35
15581,17
15582,15
15584,60
15585,51
15586,78
15588,46
15590,39
15591,24
15592,64
15593,13
15594,53
15595,47
15596,42
15598,35
15599,4
15601,22
15602,74
15603,63
15604,50
15605,56
15606,21
15607,33
15608,12
15609,78
15610,37
15611,9
15612,32
15614,12
15615,46
15616,21
15617,41
15618,59
15619,13
15620,77
15621,70
15622,85
15623,27
15624,70
15625,60
15626,19
15627,26
15628,71
15629,20
15630,10
15631,75
15632,45
15633,11
15635,98
15636,44
15637,11
15638,82
15639,66
15640,50
15641,15
15642,60
15643,37
15644,99
15645,61
15646,39
15648,12
15649,27
15650,16
15654,63
15655,73
15656,74
15657,13
15658,28
15659,63
15660,94
15661,94
15662,72
15663,50
15664,11
15670,66
15675,20
15676,3
15677,90
15678,48
15679,17
15680,7
15681,9
15682,69
15683,56
15684,54
15685,17
15686,13
15687,41
15704,89
15705,94
15706,59
15707,37
15708,75
15709,95
15710,27
15711,40
15739,84
15740,4
15741,2
15743,82
15744,95
15745,28
15746,61
15748,46
15749,42
15750,10
15751,10
15752,88
15753,34
15754,69
15755,32
15756,26
15757,32
15758,3
15759,22
15760,94
15761,2
15762,92
15763,37
15764,24
15765,54
15766,2
15767,54
15768,62
15769,61
15770,2
15771,4
15772,22
15773,54
15774,61
15776,13
15777,52
15778,29
15779,2
15781,49
15782,45
15783,85
15784,20
15785,54
15786,53
15787,64
15788,7
15789,79
15790,5
15791,83
15792,13
15793,6
15794,35
15795,53
15796,35
15797,49
15798,72
15800,97
15801,32
15802,10
15803,46
15804,63
15806,10
15810,97
15811,77
15812,63
15813,85
15814,9
15815,77
15816,33
15817,21
15818,12
15823,20
15824,10
15827,11
15828,5
15833,89
15834,21
15835,73
15836,14
15837,2
15838,78
15839,69
15840,24
15841,16
15842,36
15843,8
15868,49
15869,64
15870,5
15873,28
15874,42
15875,15
15900,60
15901,22
15902,30
15904,94
15905,2
15906,50
15907,3
15908,30
15909,86
15910,31
15912,69
15913,75
15914,7
15915,2
15916,52
15917,10
15918,64
15919,75
15920,4
15922,6
15923,63
15924,35
15926,54
15927,72
15930,64
15931,75
15932,85
15933,4
15935,86
15936,82
15937,59
15938,22
15939,83
15940,59
15941,27
15942,27
15943,63
15944,21
15945,24
15946,87
15947,16
15948,47
15950,96
15951,37
15952,80
15953,28
15954,10
15955,62
15956,63
15957,86
15958,72
15959,42
15960,23
15962,32
15963,39
15964,5
15965,27
15966,50
15967,96
15968,14
15969,16
15970,69
15971,86
15972,72
15973,54
15974,19
15975,2
15977,63
15982,11
15988,59
15989,79
15990,78
15991,47
15992,49
15993,44
15994,38
15995,10
15996,84
15997,27
15998,40
15999,35
16000,35
16017,69
16018,45
16030,35
16031,5
16032,4
16033,5
16035,90
16036,37
16063,84
16064,26
16065,4
16068,22
16069,49
16070,62
16072,79
16073,3
16074,13
16075,49
16076,61
16077,56
16078,49
16079,12
16080,4
16082,46
16083,2
16084,97
16085,10
16086,16
16087,50
16088,97
16089,27
16090,30
16091,3
16093,73
16094,87
16095,2
16096,11
16098,47
16099,96
16100,80
16102,72
16103,93
16104,44
16106,96
16107,35
16108,36
16109,56
16110,93
16111,36
16112,31
16113,31
16115,68
16116,2
16117,11
16118,57
16119,73
16120,19
16122,68
16123,80
16124,62
16125,14
16126,42
16127,58
16130,92
16131,68
16132,57
16133,42
16134,31
16135,9
16137,15
16140,71
16141,63
16147,47
16148,12
16149,7
16150,38
16151,3
16152,15
16153,10
16154,77
16155,32
16156,13
16157,6
16158,5
16160,60
16161,40
16196,14
16197,31
16223,66
16224,12
16229,39
16230,35
16231,30
16232,64
16233,78
16234,13
16235,72
16237,17
16238,46
16239,76
16241,64
16242,20
16243,37
16244,40
16245,6
16247,78
16248,63
16249,50
16250,32
16251,54
16252,4
16254,11
16255,43
16256,3
16257,77
16258,45
16259,4
16260,45
16261,4
16263,12
16264,27
16265,60
16266,75
16267,56
16268,55
16269,43
16270,60
16271,84
16272,0
16273,32
16274,68
16276,28
16278,12
16280,61
16281,87
16282,92
16283,68
16284,59
16285,1
16286,23
16287,4
16288,94
16289,28
16290,61
16292,58
16293,33
16294,27
16295,24
16297,10
16298,22
16299,73
16302,7
16303,40
16304,39
16305,11
16306,20
16307,69
16308,92
16309,24
16310,14
16311,33
16312,14
16313,10
16314,61
16349,5
16350,23
16375,48
16376,39
16381,80
16382,53
16383,24
16384,63
16385,14
16386,24
16387,74
16388,68
16389,63
16390,62
16391,42
16392,16
16393,10
16394,30
16395,28
16396,40
16397,23
16401,60
16402,6
16403,76
16405,14
16406,1
16407,2
16408,3
16409,57
16410,2
16411,69
16412,57
16413,64
16414,14
16415,44
16416,32
16418,69
16419,2
16420,95
16421,61
16422,54
16423,37
16424,74
16425,11
16426,82
16427,79
16428,97
16429,72
16430,91
16431,92
16432,97
16433,38
16434,89
16435,17
16436,5
16437,22
16438,20
16441,22
16442,37
16443,88
16444,36
16445,66
16446,60
16447,91
16448,3
16449,99
16450,37
16451,18
16452,2
16453,7
16454,46
16455,54
16456,1
16457,3
16458,8
16461,37
16462,52
16499,85
16500,12
16521,67
16522,61
16526,59
16527,2
16528,38
16529,5
16530,78
16531,50
16532,60
16533,24
16534,4
16535,7
16536,48
16537,74
16539,66
16540,92
16541,45
16543,1
16544,20
16545,10
16546,59
16547,17
16548,69
16549,39
16550,98
16551,70
16554,59
16556,78
16557,32
16558,67
16559,5
16560,86
16561,20
16562,54
16563,77
16564,20
16565,2
16566,13
16567,31
16569,17
16570,52
16571,34
16572,72
16573,36
16575,95
16576,90
16577,39
16578,66
16579,61
16580,78
16581,34
16582,30
16583,72
16585,18
16587,0
16588,7
16589,82
16590,5
16591,19
16592,30
16593,50
16594,11
16596,60
16597,66
16598,50
16599,2
16600,35
16601,3
16602,26
16603,20
16604,55
16610,68
16612,4
16613,13
16642,1
16643,39
16660,66
16661,88
16665,13
16666,44
16667,95
16668,2
16669,44
16670,48
16671,39
16672,82
16673,10
16674,82
16675,15
16676,32
16677,50
16678,27
16679,93
16680,2
16681,68
16683,47
16684,49
16685,4
16686,22
16687,89
16688,84
16689,59
16691,32
16692,95
16693,41
16694,63
16695,96
16696,92
16698,38
16699,72
16700,47
16701,33
16702,5
16703,26
16704,10
16705,76
16706,27
16707,28
16708,21
16709,19
16710,61
16712,45
16713,70
16714,99
16715,20
16717,13
16718,48
16720,17
16723,25
16726,19
16727,82
16728,59
16729,67
16730,67
16731,3
16732,39
16733,21
16734,50
16735,14
16736,90
16737,63
16738,11
16740,22
16741,52
16748,4
16749,16
16750,72
16782,41
16783,60
16793,75
16794,93
16798,85
16799,2
16800,96
16801,90
16802,96
16803,10
16804,7
16805,73
16806,10
16807,43
16808,50
16809,15
16810,86
16811,10
16813,94
16814,68
16815,5
16817,29
16818,75
16819,93
16820,36
16821,10
16822,13
16823,24
16824,82
16826,67
16827,2
16828,43
16829,12
16830,67
16831,15
16832,41
16833,4
16834,40
16836,41
16837,36
16838,61
16839,82
16840,4
16841,42
16842,1
16843,50
16844,36
16845,24
16846,52
16847,96
16848,67
16849,47
16850,10
16851,27
16852,0
16853,86
16854,24
16855,17
16856,20
16860,54
16861,92
16862,59
16863,48
16864,4
16865,21
16866,20
16867,77
16868,24
16869,27
16870,7
16871,10
16874,28
16875,78
16876,63
16877,24
16881,96
16882,95
16889,60
16890,70
16924,69
16925,33
16926,5
16927,2
16928,50
16934,25
16935,43
16939,46
16940,96
16941,97
16942,23
16943,59
16944,39
16945,69
16946,6
16947,66
16948,68
16949,21
16950,96
16951,41
16952,91
16953,31
16954,86
16955,69
16956,24
16957,52
16959,77
16960,77
16961,32
16963,36
16964,86
16965,76
16966,90
16967,15
16968,67
16969,96
16970,22
16972,68
16973,40
16974,47
16975,5
16977,4
16978,88
16979,40
16980,56
16981,54
16982,27
16983,41
16984,22
16985,1
16986,80
16987,13
16988,59
16989,33
16990,13
16991,48
16992,14
16993,10
17004,70
17005,5
17006,32
17007,23
17008,4
17009,75
17010,59
17011,48
17012,16
17013,4
17022,31
17023,99
17027,70
17028,93
17034,66
17035,41
17036,37
17065,63
17066,38
17067,28
17069,85
17070,96
17071,20
17072,37
17077,35
17081,69
17082,59
17083,41
17088,6
17089,97
17090,51
17091,22
17092,2
17093,63
17094,54
17095,14
17096,97
17097,72
17098,89
17099,84
17100,58
17101,49
17102,6
17103,86
17104,73
17105,9
17106,86
17107,50
17108,75
17110,6
17111,43
17112,24
17113,48
17114,91
17115,19
17116,62
17117,22
17118,75
17119,97
17120,53
17121,67
17122,50
17124,44
17125,10
17126,37
17127,22
17128,39
17129,89
17130,11
17131,71
17132,42
17133,18
17134,23
17135,14
17136,82
17137,52
17139,6
17140,12
17141,17
17142,22
17148,89
17149,50
17150,27
17151,63
17152,16
17153,37
17154,40
17155,14
17156,32
17157,22
17158,10
17166,32
17167,72
17169,86
17170,60
17175,66
17176,5
17177,5
17178,38
17203,97
17204,63
17205,39
17206,42
17207,76
17208,7
17209,31
17210,41
17211,2
17212,83
17214,69
17215,71
17220,5
17221,97
17224,52
17225,43
17229,96
17230,37
17231,27
17232,61
17233,51
17234,93
17235,35
17236,56
17237,84
17238,36
17239,31
17240,1
17241,44
17242,0
17243,3
17244,13
17245,47
17246,75
17247,39
17248,72
17249,87
17250,23
17251,60
17253,69
17254,64
17255,86
17257,14
17258,51
17259,24
17260,5
17261,43
17262,85
17263,30
17264,32
17265,0
17266,34
17267,8
17268,59
17269,54
17270,24
17272,16
17273,56
17274,4
17276,19
17277,73
17278,52
17279,72
17280,10
17281,13
17285,95
17286,45
17295,4
17296,40
17301,50
17302,64
17309,52
17312,31
17313,39
17336,61
17337,23
17338,68
17339,73
17340,54
17341,25
17342,39
17343,54
17345,38
17346,10
17352,97
17353,11
17358,39
17359,40
17360,28
17361,4
17362,47
17363,30
17364,28
17365,7
17366,46
17367,28
17368,48
17369,94
17370,56
17371,58
17372,73
17373,12
17374,97
17375,77
17376,22
17377,84
17379,54
17380,60
17381,27
17382,89
17383,2
17384,11
17385,97
17386,63
17387,78
17388,40
17389,82
17390,63
17391,14
17392,86
17393,16
17394,37
17395,51
17396,47
17398,44
17399,28
17400,71
17401,38
17403,68
17405,97
17406,64
17407,86
17408,14
17409,11
17411,86
17412,60
17413,55
17414,1
17415,83
17416,97
17417,37
17418,10
17419,2
17423,27
17424,63
17431,99
17432,60
17433,10
17440,58
17441,62
17446,93
17447,43
17457,38
17458,69
17459,17
17460,26
17476,0
17477,91
17478,60
17479,20
17480,19
17481,69
17482,28
17483,50
17484,54
17485,2
17488,92
17490,60
17491,10
17499,95
17502,72
17503,38
17506,95
17507,10
17508,7
17509,32
17510,54
17511,75
17512,7
17513,90
17514,27
17515,6
17516,87
17517,59
17518,55
17519,63
17520,41
17521,95
17522,92
17523,0
17524,30
17525,17
17526,91
17527,79
17528,95
17529,20
17530,27
17531,5
17532,48
17533,20
17535,27
17536,14
17537,54
17538,33
17539,9
17540,60
17541,19
17542,51
17543,54
17544,58
17545,54
17546,84
17547,84
17548,3
17549,92
17551,49
17552,97
17553,40
17554,18
17555,66
17556,25
17557,87
17558,87
17559,79
17560,66
17561,37
17562,2
17563,59
17564,63
17565,87
17566,58
17567,1
17568,7
17569,5
17575,37
17576,70
17583,35
17584,2
17592,13
17593,65
17598,96
17599,79
17607,30
17608,6
17609,4
17610,40
17611,50
17622,60
17623,95
17624,73
17625,34
17626,75
17627,57
17628,56
17629,7
17630,7
17635,10
17636,38
17638,16
17639,82
17640,37
17642,10
17643,81
17652,24
17653,56
17654,2
17659,97
17660,4
17661,24
17662,78
17663,71
17664,14
17665,10
17666,96
17667,1
17668,98
17669,60
17670,66
17671,96
17672,13
17673,0
17674,44
17675,92
17676,77
17677,64
17678,69
17679,4
17680,3
17681,64
17682,95
17683,97
17684,33
17685,69
17686,21
17687,42
17688,53
17689,66
17690,47
17691,70
17692,0
17694,63
17695,52
17697,14
17698,22
17699,96
17700,72
17701,89
17702,12
17703,68
17704,4
17705,61
17707,3
17708,54
17709,69
17710,74
17711,45
17712,57
17713,2
17715,86
17716,91
17717,5
17718,40
17719,39
17727,13
17728,15
17743,97
17744,87
17748,46
17749,96
17755,17
17756,82
17757,10
17760,48
17761,5
17768,71
17769,13
17770,44
17771,30
17772,4
17773,13
17774,6
17775,5
17781,87
17782,16
17784,45
17786,63
17787,42
17792,70
17795,27
17796,71
17799,95
17800,84
17801,32
17802,33
17803,22
17804,59
17805,21
17806,45
17807,28
17808,37
17809,80
17810,58
17811,41
17812,87
17813,19
17814,14
17815,42
17816,39
17817,37
17818,50
17819,78
17820,14
17822,49
17823,77
17824,10
17825,60
17826,64
17827,2
17828,41
17830,69
17831,2
17832,89
17833,71
17834,34
17835,57
17836,88
17837,81
17838,12
17839,72
17840,79
17841,75
17842,3
17843,70
17845,64
17846,6
17847,69
17848,9
17849,82
17856,59
17857,34
17874,13
17875,16
17876,40
17880,10
17881,70
17886,42
17889,62
17890,96
17891,79
17892,24
17893,17
17894,2
17897,34
17898,13
17899,37
17902,92
17903,80
17904,82
17907,6
17908,63
17909,61
17911,92
17912,60
17913,28
17914,40
17915,94
17916,63
17922,22
17923,13
17925,77
17926,79
17930,19
17931,13
17932,82
17933,24
17934,99
17935,80
17936,7
17937,63
17938,69
17939,70
17940,41
17941,36
17942,6
17943,94
17944,38
17945,13
17946,28
17947,13
17949,22
17950,42
17951,12
17952,7
17953,67
17954,2
17956,17
17957,59
17958,63
17959,16
17960,76
17961,94
17962,55
17963,69
17964,32
17965,42
17967,47
17968,32
17969,50
17970,97
17971,84
17972,83
17973,76
17974,41
17975,95
17976,54
17977,79
17979,89
17980,52
17981,36
17986,20
17992,74
18011,40
18015,12
18016,67
18018,27
18022,40
18025,78
18026,46
18027,24
18028,2
18029,52
18030,67
18031,5
18038,68
18039,17
18040,72
18042,50
18043,37
18045,12
18047,38
18050,10
18051,44
18060,92
18061,52
18064,76
18065,49
18066,52
18067,10
18068,92
18069,15
18070,63
18071,71
18072,16
18073,25
18074,55
18075,68
18076,52
18077,96
18080,78
18081,50
18083,32
18084,55
18086,22
18087,11
18088,16
18089,13
18090,41
18091,4
18092,71
18093,13
18094,87
18095,12
18096,77
18097,10
18098,52
18099,44
18100,77
18101,86
18103,54
18104,58
18105,48
18106,65
18107,2
18108,38
18109,11
18110,3
18120,5
18133,17
18134,87
18139,18
18140,68
18146,66
18147,85
18148,25
18149,27
18150,20
18151,7
18152,84
18153,82
18154,4
18155,78
18156,74
18165,18
18166,36
18168,98
18170,82
18171,22
18173,39
18174,50
18175,47
18176,17
18177,6
18178,35
18181,31
18182,14
18187,97
18189,16
18190,35
18195,59
18196,4
18197,5
18198,70
18199,54
18200,54
18201,6
18202,69
18203,27
18204,52
18205,14
18206,49
18207,10
18208,25
18209,50
18210,10
18211,60
18215,46
18216,82
18217,12
18219,46
18220,16
18222,43
18223,45
18224,82
18225,16
18226,14
18227,69
18228,13
18230,22
18231,14
18233,27
18234,77
18236,17
18237,0
18238,44
18239,59
18240,59
18241,48
18242,21
18243,70
18244,40
18245,32
18252,88
18266,37
18267,68
18270,14
18271,38
18275,89
18276,80
18277,64
18278,17
18279,30
18280,66
18281,75
18282,7
18283,11
18284,10
18285,97
18286,71
18295,27
18297,50
18301,33
18302,14
18311,3
18312,13
18320,36
18321,45
18323,36
18324,50
18325,28
18326,83
18327,96
18328,46
18329,94
18330,10
18331,42
18332,50
18333,47
18334,49
18335,2
18336,13
18337,17
18338,63
18339,28
18340,22
18341,61
18342,68
18343,37
18345,52
18346,17
18347,97
18348,62
18349,54
18350,88
18351,34
18352,24
18353,16
18354,61
18355,95
18356,52
18357,47
18358,57
18359,84
18360,82
18361,66
18362,50
18363,86
18364,58
18376,78
18381,76
18382,10
18393,28
18394,85
18395,92
18396,26
18397,61
18398,32
18399,80
18400,7
18401,17
18402,73
18411,30
18412,41
18417,69
18418,68
18419,38
18422,65
18423,10
18424,10
18425,78
18428,67
18429,90
18430,60
18436,3
18437,11
18439,38
18440,97
18444,95
18445,76
18449,17
18450,6
18454,77
18455,87
18456,10
18458,1
18459,38
18460,42
18461,29
18462,48
18463,73
18464,61
18465,56
18466,94
18467,59
18468,4
18471,13
18472,52
18473,0
18476,99
18477,60
18478,88
18479,1
18480,72
18481,11
18482,48
18483,64
18484,19
18485,20
18486,11
18487,5
18488,0
18489,86
18490,31
18491,73
18492,45
18493,81
18494,69
18495,12
18506,46
18507,63
18511,21
18521,95
18522,17
18523,27
18524,43
18525,4
18526,54
18527,49
18528,75
18529,23
18530,10
18543,27
18547,27
18548,12
18551,22
18553,37
18561,65
18562,98
18568,82
18578,69
18579,11
18582,25
18583,31
18584,23
18585,78
18586,86
18587,6
18588,27
18589,5
18590,12
18591,57
18592,88
18593,35
18594,87
18595,12
18596,11
18598,49
18599,74
18600,53
18601,69
18602,44
18603,64
18604,11
18605,69
18606,52
18607,10
18608,60
18609,11
18610,66
18611,23
18613,0
18614,96
18616,30
18618,58
18619,3
18620,10
18621,58
18622,78
18623,82
18638,17
18639,63
18642,10
18651,96
18652,40
18653,42
18654,50
18655,40
18656,45
18657,63
18658,20
18661,9
18662,12
18672,69
18673,14
18674,82
18675,13
18683,95
18684,74
18685,18
18686,4
18687,13
18688,60
18689,72
18696,89
18697,71
18700,26
18701,86
18702,2
18708,78
18709,21
18710,56
18711,90
18712,17
18713,39
18716,39
18717,5
18718,36
18719,24
18720,13
18721,25
18722,26
18723,87
18724,60
18725,95
18726,44
18727,60
18728,43
18729,12
18730,34
18732,36
18733,42
18734,84
18736,20
18737,64
18738,56
18739,72
18740,36
18741,54
18742,2
18743,31
18744,3
18745,60
18746,60
18747,30
18748,82
18749,20
18750,86
18751,30
18752,88
18753,70
18754,86
18755,50
18756,89
18757,38
18774,62
18775,30
18776,18
18777,99
18778,66
18779,32
18780,3
18781,19
18782,20
18783,91
18784,5
18786,12
18787,68
18794,26
18795,24
18796,12
18797,33
18798,1
18799,36
18800,49
18806,79
18807,57
18808,63
18809,68
18810,63
18812,39
18813,40
18814,40
18822,49
18823,40
18824,40
18826,37
18827,62
18828,77
18829,67
18830,64
18831,3
18832,33
18833,28
18836,18
18837,37
18838,86
18839,8
18840,45
18841,67
18842,14
18843,70
18844,17
18845,23
18846,86
18847,60
18848,11
18849,52
18850,60
18851,36
18853,78
18854,32
18855,68
18856,97
18857,45
18859,0
18860,19
18861,92
18862,52
18863,64
18864,70
18865,11
18866,61
18867,71
18868,18
18869,86
18870,66
18871,22
18872,90
18874,82
18875,50
18876,26
18877,24
18885,20
18886,11
18889,78
18890,24
18891,16
18892,19
18893,68
18894,42
18895,4
18896,20
18897,4
18899,12
18900,50
18901,43
18905,24
18906,49
18914,38
18915,15
18916,92
18917,29
18918,17
18919,13
18925,34
18926,42
18927,42
18928,32
18929,18
18931,88
18932,73
18933,31
18934,15
18935,78
18936,71
18937,75
18938,13
18939,96
18940,52
18947,86
18948,85
18949,21
18950,35
18951,58
18952,92
18953,24
18954,13
18955,72
18956,70
18957,28
18958,99
18959,41
18960,55
18961,14
18962,51
18963,92
18964,12
18965,2
18966,86
18967,27
18968,53
18969,30
18970,40
18971,10
18972,93
18973,84
18974,11
18975,63
18976,49
18977,13
18978,31
18979,62
18980,46
18981,47
18982,2
18983,86
18984,64
18985,8
18986,68
18987,12
18988,18
18991,95
18992,2
18993,5
18994,30
18995,52
18996,38
18997,36
18998,19
18999,5
19001,4
19002,19
19003,37
19004,83
19005,49
19007,16
19008,14
19016,0
19017,8
19018,20
19019,97
19020,49
19021,18
19022,30
19023,2
19030,95
19031,75
19032,1
19033,41
19034,24
19035,79
19036,64
19037,29
19038,10
19039,65
19040,69
19041,34
19042,22
19045,56
19046,96
19047,44
19048,30
19049,12
19050,54
19051,7
19052,63
19053,7
19058,69
19059,11
19061,19
19062,50
19063,83
19064,12
19066,48
19067,63
19068,2
19070,5
19071,40
19072,4
19073,33
19074,76
19075,76
19076,84
19077,7
19078,62
19079,5
19080,24
19081,84
19082,89
19083,71
19084,84
19087,59
19088,37
19089,54
19090,28
19091,94
19092,93
19093,28
19094,0
19095,97
19097,40
19098,96
19099,82
19100,8
19101,50
19102,16
19104,49
19105,1
19106,68
19107,26
19112,86
19113,73
19114,6
19115,47
19116,83
19117,69
19118,20
19121,43
19122,20
19123,36
19124,89
19125,44
19126,52
19127,50
19136,99
19137,74
19138,5
19139,63
19140,47
19141,2
19142,1
19143,63
19149,1
19150,24
19151,32
19152,93
19153,32
19154,26
19155,40
19156,92
19158,76
19159,20
19160,5
19161,88
19162,50
19163,51
19164,43
19165,63
19175,39
19176,17
19181,82
19182,49
19183,36
19184,7
19185,22
19186,72
19188,5
19189,42
19190,44
19191,37
19192,46
19193,37
19194,54
19195,2
19196,29
19197,71
19198,19
19199,1
19200,11
19201,17
19202,92
19203,76
19204,11
19205,69
19206,51
19207,34
19208,14
19209,55
19210,35
19211,26
19212,89
19213,71
19214,96
19215,1
19216,28
19217,88
19218,97
19219,85
19220,53
19221,23
19222,47
19223,0
19224,17
19226,17
19227,28
19229,96
19230,18
19231,30
19232,73
19235,20
19236,2
19245,27
19246,87
19247,47
19248,39
19249,12
19250,29
19251,11
19252,99
19259,31
19260,28
19261,26
19262,45
19263,30
19264,1
19265,52
19266,2
19267,84
19268,47
19269,43
19270,2
19273,86
19274,37
19275,76
19276,9
19284,93
19285,82
19289,96
19290,84
19291,90
19292,59
19293,53
19294,86
19295,88
19296,50
19297,2
19298,86
19299,5
19300,49
19301,86
19302,84
19303,36
19304,75
19305,13
19307,38
19308,76
19309,3
19310,40
19312,97
19313,16
19314,62
19315,24
19316,37
19317,78
19318,84
19319,38
19321,66
19322,98
19323,28
19324,57
19325,33
19330,14
19332,74
19333,27
19334,5
19335,86
19336,76
19337,87
19338,96
19339,26
19343,70
19348,28
19349,20
19350,59
19351,6
19358,68
19361,60
19362,17
19363,63
19364,45
19365,70
19366,62
19367,18
19374,10
19375,97
19376,14
19377,5
19381,66
19383,20
19387,16
19388,3
19393,90
19394,96
19396,86
19397,42
19398,36
19399,41
19400,5
19401,63
19403,38
19404,45
19405,67
19406,24
19407,22
19408,41
19409,13
19410,35
19411,49
19412,17
19413,66
19414,62
19415,48
19416,58
19417,99
19418,92
19419,12
19420,54
19421,66
19422,4
19423,62
19424,49
19425,64
19427,54
19429,3
19430,37
19431,43
19432,50
19433,40
19434,30
19435,60
19436,94
19437,24
19438,17
19439,81
19447,62
19448,74
19455,69
19456,88
19457,49
19458,3
19459,96
19460,49
19461,74
19463,13
19464,24
19465,18
19466,2
19474,39
19475,32
19476,25
19477,70
19483,23
19484,95
19485,14
19489,95
19491,4
19493,50
19494,84
19497,29
19498,5
19499,60
19500,50
19501,30
19503,14
19504,70
19506,84
19507,7
19508,54
19509,71
19510,72
19511,78
19512,36
19513,93
19514,27
19515,13
19516,14
19517,31
19518,6
19519,36
19520,61
19521,97
19522,86
19523,37
19524,86
19525,47
19526,4
19527,5
19528,66
19529,85
19530,2
19531,86
19532,2
19533,68
19535,22
19536,40
19537,22
19538,82
19539,78
19540,74
19541,25
19542,47
19543,42
19551,17
19552,14
19554,72
19555,17
19556,24
19557,12
19558,9
19559,22
19561,17
19562,10
19563,96
19564,49
19569,5
19571,17
19572,5
19581,27
19582,63
19584,17
19585,63
19586,36
19587,14
19588,96
19589,21
19590,14
19591,75
19592,68
19595,2
19596,50
19597,28
19598,36
19603,42
19606,97
19607,11
19611,61
19612,38
19613,16
19614,49
19615,89
19616,76
19617,61
19618,14
19619,75
19620,20
19621,8
19622,79
19623,13
19625,60
19626,37
19627,69
19628,43
19629,2
19630,78
19631,84
19632,13
19633,52
19634,60
19635,42
19636,14
19637,92
19638,49
19639,85
19640,14
19641,86
19642,27
19643,38
19644,68
19645,14
19646,16
19647,50
19648,86
19649,68
19650,51
19651,58
19652,32
19660,69
19661,87
19666,95
19667,62
19668,88
19669,66
19670,38
19671,70
19672,90
19673,5
19677,94
19678,63
19679,37
19680,82
19689,34
19690,38
19691,59
19692,5
19693,84
19694,59
19695,5
19696,86
19699,87
19701,38
19702,0
19707,37
19709,88
19710,91
19715,14
19716,30
19717,14
19718,2
19719,78
19720,5
19721,38
19722,4
19723,11
19725,78
19726,67
19727,66
19728,69
19729,62
19730,84
19731,13
19732,42
19733,79
19734,5
19735,28
19736,72
19737,96
19738,25
19739,99
19740,54
19742,78
19743,4
19744,4
19745,37
19746,12
19748,84
19749,15
19750,2
19751,5
19752,12
19753,86
19754,55
19755,10
19756,69
19757,5
19764,48
19765,26
19767,70
19768,7
19769,10
19773,2
19774,73
19775,42
19776,5
19788,20
19789,12
19797,50
19798,78
19799,40
19800,4
19801,17
19802,56
19803,75
19804,10
19809,46
19810,64
19811,52
19815,77
19816,39
19817,46
19818,32
19822,52
19825,44
19826,56
19831,28
19832,44
19833,59
19834,73
19836,0
19837,28
19839,76
19840,92
19841,46
19842,32
19843,44
19844,39
19845,87
19846,97
19848,60
19849,64
19850,49
19851,1
19852,93
19853,51
19854,71
19855,6
19857,37
19858,2
19860,96
19861,37
19862,65
19863,13
19864,48
19865,33
19870,6
19878,70
19879,67
19881,36
19882,38
19883,79
19884,95
19895,1
19896,47
19905,77
19906,47
19907,68
19908,31
19909,68
19912,74
19913,95
19914,13
19915,17
19916,60
19920,89
19923,13
19924,76
19925,30
19926,13
19927,34
19929,78
19930,63
19932,13
19933,29
19934,84
19935,61
19936,8
19938,69
19939,13
19940,52
19941,17
19942,14
19943,50
19944,60
19945,55
19946,12
19947,10
19948,76
19949,56
19950,45
19951,62
19952,6
19953,49
19954,77
19955,17
19956,6
19957,42
19958,27
19959,0
19960,72
19961,85
19962,50
19963,97
19964,73
19965,30
19966,27
19967,5
19971,75
19975,36
19976,78
19977,63
19978,68
19979,38
19980,46
19981,25
19982,6
19993,93
19994,46
19995,12
20001,17
20002,39
20003,4
20004,95
20005,24
20006,61
20007,20
20008,12
20011,59
20012,6
20013,70
20014,10
20015,17
20016,30
20019,16
20023,68
20024,3
20026,24
20028,77
20029,87
20030,3
20031,54
20032,4
20033,52
20034,36
20035,67
20036,84
20039,50
20040,90
20041,30
20042,4
20043,80
20044,14
20045,31
20046,60
20048,58
20049,64
20050,32
20051,69
20052,49
20053,16
20054,82
20055,82
20056,12
20057,47
20058,18
20059,68
20060,83
20061,36
20062,73
20063,22
20064,63
20066,69
20067,4
20068,39
20069,89
20070,39
20071,28
20072,35
20074,97
20075,31
20076,4
20077,68
20078,10
20085,52
20086,38
20087,44
20088,4
20089,52
20090,54
20091,64
20092,1
20093,45
20100,48
20101,54
20102,66
20103,11
20104,50
20106,60
20107,42
20108,10
20109,69
20110,14
20111,92
20112,22
20118,13
20121,51
20122,49
20123,42
20124,28
20125,63
20126,66
20133,76
20134,33
20136,67
20137,74
20138,59
20139,30
20140,27
20141,12
20143,16
20144,88
20145,89
20146,10
20148,10
20149,67
20150,16
20151,50
20152,0
20153,42
20154,3
20155,50
20156,44
20157,17
20158,2
20159,42
20160,50
20161,87
20162,56
20163,68
20164,9
20165,73
20166,12
20167,41
20168,96
20169,78
20170,21
20171,6
20172,5
20173,28
20174,50
20175,86
20176,12
20177,75
20178,32
20179,57
20180,14
20185,39
20186,46
20187,72
20188,54
20189,85
20190,12
20191,10
20192,55
20193,14
20194,78
20199,42
20200,22
20202,2
20203,30
20204,5
20205,44
20206,59
20207,16
20208,25
20209,20
20216,20
20217,14
20218,10
20219,67
20227,13
20229,75
20231,65
20232,19
20233,84
20234,32
20235,14
20236,77
20237,30
20238,60
20239,32
20240,52
20243,66
20244,41
20245,65
20246,5
20248,39
20249,72
20250,44
20251,82
20252,94
20253,17
20254,36
20255,57
20256,64
20257,64
20258,10
20259,94
20260,86
20261,6
20262,86
20263,3
20264,72
20265,94
20266,96
20267,71
20268,41
20269,16
20270,67
20271,65
20272,85
20273,3
20274,52
20275,14
20278,59
20279,54
20280,63
20281,20
20283,3
20284,62
20285,14
20286,93
20287,36
20288,72
20289,36
20291,17
20292,11
20293,13
20294,63
20296,5
20297,44
20298,24
20299,88
20300,59
20301,4
20302,37
20303,35
20306,28
20307,10
20308,17
20315,65
20316,49
20317,97
20318,13
20319,22
20320,17
20321,63
20322,36
20323,75
20324,39
20325,36
20327,54
20328,71
20329,14
20330,33
20331,14
20332,47
20333,27
20334,68
20335,44
20336,97
20337,84
20338,50
20339,9
20340,48
20341,33
20342,22
20343,10
20344,63
20345,53
20346,52
20347,13
20348,3
20349,32
20350,13
20351,64
20352,20
20353,75
20355,58
20356,77
20357,80
20358,42
20359,49
20360,92
20361,37
20362,63
20363,14
20364,59
20365,35
20366,6
20367,20
20369,30
20370,5
20371,63
20372,20
20373,64
20374,5
20377,20
20387,15
20388,63
20397,38
20398,58
20399,78
20400,39
20401,84
20402,84
20403,30
20404,82
20406,44
20407,66
20408,16
20409,24
20410,24
20413,33
20414,30
20415,2
20416,17
20419,59
20420,28
20421,50
20423,18
20424,86
20425,20
20426,50
20427,17
20428,52
20429,28
20430,26
20431,5
20432,78
20433,5
20434,97
20435,18
20436,97
20437,63
20438,67
20439,64
20441,27
20442,72
20443,8
20444,86
20447,74
20448,5
20449,13
20450,70
20451,6
20452,63
20453,22
20454,14
20455,72
20456,4
20457,89
20458,22
20459,13
20460,13
20461,15
20462,87
20463,94
20464,77
20476,60
20477,76
20482,36
20483,54
20486,36
20487,58
20488,70
20489,39
20490,89
20491,3
20493,64
20494,14
20495,74
20496,16
20498,19
20499,63
20500,64
20501,36
20502,17
20503,30
20504,37
20505,72
20506,86
20507,5
20508,34
20509,13
20510,62
20511,52
20512,45
20513,93
20514,15
20515,40
20516,49
20517,10
20518,69
20519,32
20520,87
20522,99
20523,6
20524,44
20526,59
20527,19
20528,12
20529,4
20532,30
20533,70
20534,25
20535,29
20536,2
20537,13
20538,31
20539,12
20555,7
20556,39
20563,66
20564,23
20565,2
20567,45
20568,41
20570,83
20571,51
20572,63
20573,10
20574,28
20575,10
20577,94
20578,11
20579,96
20580,3
20581,89
20582,43
20585,10
20586,92
20588,17
20589,80
20590,45
20591,14
20592,44
20593,21
20594,15
20595,46
20596,69
20597,52
20598,9
20599,16
20600,36
20601,42
20602,29
20603,10
20604,63
20605,6
20606,21
20607,63
20608,4
20609,96
20610,16
20611,45
20612,36
20616,50
20617,17
20619,86
20620,37
20621,30
20622,50
20623,14
20625,16
20626,95
20627,69
20628,32
20638,16
20639,31
20640,69
20645,13
20646,49
20648,77
20649,16
20650,19
20651,2
20652,20
20653,50
20654,20
20655,92
20656,10
20657,39
20658,20
20659,96
20660,23
20661,77
20665,78
20666,37
20667,46
20668,70
20669,28
20670,2
20671,28
20672,36
20673,14
20674,2
20675,2
20676,16
20677,13
20678,24
20679,44
20680,16
20681,70
20682,50
20683,68
20684,63
20685,96
20686,17
20687,78
20688,74
20689,50
20690,52
20691,12
20693,52
20694,40
20695,13
20696,46
20697,64
20698,2
20700,19
20701,11
20702,95
20703,24
20704,68
20706,13
20707,89
20721,94
20722,23
20723,95
20724,24
20725,97
20732,2
20733,11
20737,60
20738,33
20739,39
20740,69
20741,20
20742,7
20743,39
20744,68
20745,20
20746,2
20747,87
20748,25
20749,5
20754,13
20755,56
20756,63
20758,17
20759,2
20760,72
20761,84
20762,51
20763,99
20764,84
20765,95
20766,14
20767,31
20768,42
20769,35
20770,40
20771,1
20772,75
20773,86
20774,38
20775,52
20776,13
20778,63
20779,14
20781,20
20782,86
20783,60
20784,97
20785,53
20786,22
20787,56
20788,36
20789,75
20790,3
20791,27
20792,61
20796,30
20797,52
20807,24
20808,68
20809,42
20810,20
20811,30
20812,5
20813,95
20818,96
20819,88
20822,61
20823,32
20824,85
20825,97
20826,27
20827,60
20828,63
20829,61
20830,6
20831,34
20834,36
20835,76
20836,46
20837,90
20838,56
20839,5
20840,27
20841,24
20842,2
20843,53
20844,17
20845,94
20846,78
20847,61
20848,42
20849,95
20850,61
20851,31
20852,96
20853,82
20854,82
20855,5
20856,11
20857,41
20858,86
20859,11
20860,63
20861,5
20862,15
20863,36
20864,72
20865,57
20867,28
20868,86
20869,0
20870,78
20871,26
20872,68
20873,69
20874,40
20876,66
20877,93
20881,16
20882,63
20883,96
20897,69
20898,66
20899,5
20900,7
20901,30
20903,18
20904,86
20908,16
20909,67
20911,43
20912,14
20913,11
20914,2
20915,35
20920,69
20921,86
20922,4
20923,97
20924,16
20925,80
20926,27
20927,14
20928,28
20929,84
20930,24
20931,69
20932,69
20933,16
20934,42
20935,66
20936,68
20937,96
20938,2
20939,13
20940,6
20941,21
20942,52
20943,1
20944,75
20945,77
20946,86
20947,18
20948,74
20950,29
20951,50
20952,72
20953,32
20955,35
20956,94
20957,66
20958,32
20959,47
20960,61
20965,2
20966,31
20977,86
20979,38
20980,39
20981,27
20982,25
20983,45
20984,20
20985,62
20988,12
20989,79
20992,57
20993,22
20994,87
20995,30
20996,69
20997,3
20999,50
21001,57
21005,3
21006,53
21007,32
21008,60
21009,45
21010,24
21011,2
21012,32
21013,45
21014,50
21015,7
21016,46
21017,28
21018,28
21019,83
21020,33
21021,54
21022,95
21023,73
21024,52
21025,20
21026,94
21027,52
21028,70
21029,17
21031,69
21032,46
21033,2
21034,86
21035,96
21036,21
21038,6
21039,63
21040,21
21041,58
21042,6
21043,56
21044,10
21049,2
21050,82
21058,94
21059,94
21060,73
21061,61
21062,30
21064,88
21065,44
21066,78
21071,86
21072,20
21073,16
21074,20
21075,11
21076,37
21078,5
21079,73
21084,5
21085,95
21086,12
21087,94
21089,49
21090,77
21091,17
21092,84
21093,44
21094,54
21095,64
21096,49
21097,55
21098,75
21099,47
21100,36
21101,20
21102,85
21103,16
21104,68
21105,70
21106,23
21107,96
21108,9
21109,45
21110,43
21111,92
21112,49
21113,66
21114,93
21119,88
21120,64
21121,48
21128,82
21131,97
21132,25
21133,25
21134,22
21136,95
21137,76
21138,5
21139,2
21143,89
21144,79
21147,38
21148,39
21149,12
21150,21
21152,48
21156,64
21157,96
21159,33
21160,31
21161,44
21162,53
21163,19
21164,82
21165,37
21166,75
21167,33
21168,97
21169,12
21170,69
21171,86
21172,61
21173,60
21174,77
21175,72
21176,86
21177,39
21179,38
21180,63
21181,30
21182,11
21183,70
21184,95
21189,5
21190,28
21191,50
21197,69
21198,34
21199,39
21200,2
21201,44
21202,76
21203,59
21204,86
21205,31
21206,20
21207,37
21208,65
21209,0
21210,37
21215,48
21216,49
21218,71
21219,95
21220,78
21221,64
21222,76
21223,63
21224,78
21225,11
21230,97
21231,20
21232,99
21234,68
21235,63
21236,96
21237,16
21238,4
21239,14
21240,18
21241,61
21242,15
21243,0
21244,1
21245,62
21246,32
21247,10
21248,97
21249,80
21250,92
21251,5
21252,20
21253,76
21256,21
21257,53
21258,84
21259,69
21260,61
21262,28
21263,74
21264,61
21265,12
21266,41
21267,1
21271,13
21272,3
21276,24
21277,91
21278,2
21279,54
21280,20
21281,68
21282,46
21284,77
21285,10
21286,6
21287,43
21288,63
21293,45
21294,73
21296,86
21297,11
21298,37
21299,70
21300,54
21301,92
21302,59
21303,34
21304,23
21306,72
21308,17
21309,77
21310,13
21311,7
21312,77
21313,78
21314,36
21315,32
21317,97
21318,43
21319,58
21320,30
21321,28
21322,88
21323,74
21324,70
21325,2
21326,39
21327,70
21328,51
21329,51
21330,77
21331,62
21332,13
21336,5
21337,94
21338,3
21339,9
21340,17
21341,46
21342,72
21343,21
21344,63
21345,10
21349,24
21350,4
21353,84
21354,70
21355,48
21356,13
21357,46
21358,6
21359,73
21360,67
21361,53
21362,5
21363,2
21364,2
21365,25
21366,45
21367,43
21368,86
21369,49
21370,10
21373,38
21374,97
21375,32
21377,75
21378,48
21379,75
21380,20
21381,5
21382,89
21383,84
21390,44
21391,48
21392,11
21393,10
21395,46
21396,31
21397,58
21398,42
21400,39
21402,4
21403,52
21404,95
21405,63
21406,33
21407,20
21408,11
21409,96
21410,70
21411,72
21412,50
21413,70
21414,17
21419,59
21420,3
21421,50
21422,88
21423,12
21424,88
21425,34
21428,16
21429,66
21431,53
21433,13
21434,69
21435,16
21436,12
21437,43
21438,22
21439,54
21440,40
21441,42
21442,7
21443,42
21444,1
21445,20
21446,20
21447,1
21448,69
21449,44
21450,40
21451,18
21454,53
21455,49
21457,22
21458,84
21459,12
21460,98
21461,45
21463,10
21464,60
21465,68
21468,68
21469,11
21470,73
21471,7
21472,56
21473,75
21475,92
21476,69
21477,26
21478,18
21479,14
21480,99
21481,30
21482,32
21483,42
21487,16
21488,78
21489,47
21490,4
21491,48
21492,45
21493,70
21494,50
21496,54
21497,13
21498,64
21500,46
21501,65
21502,6
21504,86
21505,12
21507,48
21508,62
21509,69
21510,56
21511,87
21512,44
21513,54
21514,38
21519,2
21520,34
21521,22
21523,96
21524,12
21525,82
21526,38
21527,12
21528,44
21529,82
21531,9
21534,50
21535,28
21536,74
21539,13
21540,75
21541,11
21543,61
21544,6
21545,50
21546,4
21547,93
21548,15
21549,71
21551,24
21552,72
21553,91
21554,68
21555,21
21556,14
21557,67
21558,84
21560,20
21561,96
21562,62
21563,38
21564,30
21565,12
21566,10
21567,58
21568,38
21569,91
21570,19
21571,32
21572,68
21573,25
21576,96
21577,97
21579,47
21580,17
21581,4
21582,3
21583,17
21584,89
21585,69
21586,45
21588,11
21591,52
21592,85
21593,14
21595,17
21596,55
21597,30
21598,77
21599,61
21600,41
21601,80
21602,8
21605,12
21606,76
21607,32
21609,46
21610,47
21611,25
21613,52
21614,52
21616,78
21617,23
21618,17
21619,76
21620,93
21621,38
21625,26
21626,38
21627,68
21628,37
21629,32
21631,6
21632,63
21633,1
21635,29
21637,44
21638,87
21639,14
21640,30
21641,73
21642,68
21643,43
21644,2
21645,64
21646,83
21647,60
21650,27
21651,56
21652,5
21656,83
21657,23
21658,57
21659,22
21660,4
21661,5
21662,43
21663,96
21666,55
21667,70
21668,52
21669,30
21670,16
21671,61
21674,49
21675,49
21676,5
21677,24
21679,94
21680,4
21681,32
21683,10
21684,59
21687,60
21688,70
21691,14
21692,51
21693,8
21694,27
21695,84
21696,16
21697,52
21699,47
21700,2
21701,44
21703,82
21704,57
21705,32
21706,88
21707,92
21708,47
21709,4
21712,20
21713,84
21714,11
21715,76
21716,18
21717,26
21718,68
21719,16
21720,51
21721,97
21723,37
21724,97
21725,27
21726,72
21727,18
21728,31
21729,2
21732,58
21733,54
21734,21
21736,11
21737,27
21740,69
21741,72
21744,88
21745,96
21746,51
21747,4
21748,54
21749,82
21750,69
21751,59
21752,72
21753,36
21754,95
21755,18
21756,64
21757,10
21760,86
21761,63
21762,38
21763,27
21765,75
21766,2
21767,58
21768,47
21769,5
21770,37
21771,16
21772,21
21773,86
21774,32
21775,91
21776,56
21777,71
21778,2
21779,16
21780,80
21781,76
21782,84
21784,97
21785,7
21786,21
21790,46
21791,74
21792,63
21793,69
21795,44
21796,37
21797,6
21798,78
21799,40
21800,28
21801,49
21802,49
21803,10
21805,39
21806,72
21807,30
21808,63
21809,18
21810,91
21811,2
21812,4
21813,92
21814,27
21815,13
21819,42
21820,26
21821,16
21822,90
21823,20
21824,77
21826,20
21827,67
21828,70
21829,95
21830,61
21831,63
21832,6
21833,88
21834,78
21835,99
21837,58
21838,54
21839,20
21841,61
21842,49
21843,27
21844,34
21845,12
21846,16
21847,30
21848,71
21849,3
21850,21
21851,10
21852,11
21853,62
21854,60
21855,73
21856,17
21857,95
21858,44
21859,50
21860,38
21861,32
21864,25
21865,13
21866,34
21867,63
21868,80
21869,87
21870,77
21871,74
21872,50
21873,62
21874,33
21875,13
21876,41
21877,10
21878,2
21879,5
21880,10
21881,68
21882,40
21883,20
21887,13
21888,14
21889,1
21891,97
21892,5
21893,60
21894,46
21895,32
21896,21
21897,22
21898,2
21899,24
21900,49
21901,53
21902,11
21903,79
21904,16
21905,41
21906,10
21909,2
21911,51
21912,81
21913,82
21915,39
21916,2
21917,22
21919,59
21920,75
21921,3
21922,14
21923,21
21925,2
21926,21
21927,54
21928,5
21930,37
21931,68
21932,37
21933,3
21934,50
21935,75
21939,16
21940,14
21941,69
21942,77
21943,53
21944,2
21949,3
21950,61
21951,7
21952,6
21953,75
21957,18
21959,45
21960,70
21966,42
21967,16
21968,37
21969,72
21970,1
21971,17
21972,27
21975,68
21976,56
21977,11
21980,12
21981,64
21983,16
21984,30
21989,96
21990,93
21992,2
21993,46
21994,70
21997,88
21998,28
21999,65
22000,24
22001,63
22002,16
22003,96
22004,72
22005,75
22006,34
22007,76
22008,63
22009,17
22010,44
22011,77
22012,75
22013,53
22014,87
22017,75
22018,42
22019,24
22021,58
22022,14
22023,60
22024,86
22026,15
22027,78
22028,60
22029,21
22030,25
22032,19
22033,40
22034,33
22038,20
22039,11
22040,89
22041,39
22044,82
22045,16
22046,32
22047,97
22048,32
22049,51
22050,57
22052,88
22053,47
22054,89
22055,76
22056,11
22057,21
22058,28
22059,30
22060,43
22061,0
22064,32
22065,80
22066,60
22067,74
22068,49
22069,19
22070,58
22071,3
22072,20
22073,78
22074,66
22075,38
22076,30
22077,75
22078,16
22079,2
22080,71
22081,20
22082,78
22085,84
22086,82
22087,58
22088,86
22089,2
22094,27
22095,38
22096,78
22097,70
22098,12
22099,27
22100,15
22101,20
22102,97
22103,27
22104,73
22105,7
22106,30
22107,79
22108,20
22109,58
22110,12
22113,27
22114,39
22115,12
22116,58
22117,44
22118,31
22119,62
22120,2
22121,52
22122,87
22123,6
22124,46
22126,42
22127,24
22128,93
22129,50
22130,78
22131,45
22133,46
22134,54
22135,27
22136,86
22138,47
22139,10
22140,65
22141,65
22148,95
22149,85
22150,93
22151,16
22152,4
22153,20
22154,85
22155,17
22156,75
22157,75
22158,69
22159,73
22160,4
22163,38
22165,76
22166,88
22167,26
22168,60
22169,53
22170,89
22171,76
22172,70
22173,6
22174,28
22175,4
22176,34
22178,75
22179,58
22180,69
22184,68
22185,27
22186,56
22187,39
22197,62
22198,34
22199,59
22200,73
22201,68
22202,44
22204,64
22205,30
22206,62
22207,43
22208,17
22214,91
22215,29
22216,21
22217,70
22220,62
22221,48
22222,3
22223,12
22224,14
22225,77
22226,13
22227,10
22228,78
22229,42
22230,61
22231,25
22232,60
22233,32
22234,39
22235,36
22236,86
22237,16
22238,2
22239,94
22240,11
22249,39
22251,3
22252,37
22253,9
22254,29
22255,80
22256,70
22257,24
22258,14
22259,20
22260,18
22261,85
22262,8
22263,2
22268,38
22269,95
22270,41
22271,22
22272,2
22273,57
22274,69
22275,14
22276,2
22277,21
22278,34
22280,12
22281,30
22282,17
22283,24
22284,11
22286,17
22287,60
22288,69
22289,40
22291,86
22292,8
22293,63
22294,41
22305,37
22306,66
22307,75
22308,15
22309,17
22310,58
22311,63
22312,69
22313,68
22314,61
22315,36
22316,17
22317,70
22318,60
22319,46
22320,31
22321,20
22325,17
22326,23
22327,73
22328,32
22329,50
22330,16
22331,44
22332,59
22333,60
22334,44
22335,30
22336,79
22337,57
22338,36
22341,48
22342,20
22343,87
22344,31
22345,64
22346,44
22347,45
22348,35
22360,7
22361,86
22362,70
22363,19
22364,92
22365,24
22366,14
22367,41
22368,16
22369,9
22370,24
22371,81
22372,0
22373,47
22374,5
22378,58
22379,73
22380,45
22381,32
22382,16
22383,3
22384,94
22385,51
22386,2
22387,66
22388,50
22389,34
22390,9
22396,9
22397,63
22411,35
22412,17
22413,13
22414,3
22415,30
22416,13
22417,95
22418,87
22419,83
22420,75
22421,49
22422,43
22423,37
22424,63
22425,17
22426,18
22428,56
22429,42
22430,10
22433,17
22434,70
22436,28
22437,42
22438,27
22439,49
22440,93
22441,50
22444,6
22446,38
22462,24
22463,6
22464,67
22465,8
22466,20
22467,32
22468,32
22471,68
22472,12
22473,17
22476,14
22477,72
22478,70
22479,1
22480,51
22481,11
22485,19
22496,38
22498,96
22500,58
22501,30
22502,16
22503,30
22506,5
22507,56
22509,59
22515,59
22516,32
22531,89
22532,62
22533,13
22534,23
22538,6
22539,40
22542,36
22543,84
22546,12
22547,20
22548,49
22549,13
22550,13
22551,44
22552,96
22564,87
22565,68
22566,43
22567,30
22570,79
22572,16
22573,26
22574,27
22575,40
22584,63
22585,50
22586,52
22587,30
22591,88
22592,72
22602,50
22603,10
22608,4
22609,95
22610,30
22617,78
22618,5
22619,58
22620,14
22625,39
22626,39
22627,75
22635,1
22636,2
22641,2
22642,28
22643,45
22646,42
22648,17
22649,5
22650,27
22651,4
22652,3
22657,42
22658,69
22665,5
22668,38
22669,84
22675,6
22676,24
22679,84
22680,42
22681,17
22682,10
22688,90
22689,61
22693,21
22694,94
22695,84
22696,24
22701,13
22702,5
22704,17
22705,97
22706,7
22713,10
22714,38
22715,40
22718,3
22719,16
22720,93
22721,54
22726,54
22727,36
22728,86
22730,56
22731,12
22732,16
22733,24
22734,70
22741,92
22742,4
22743,88
22744,10
22745,99
22746,60
22747,63
22756,22
22757,60
22758,33
22760,58
22761,70
22762,76
22763,25
22764,2
22776,4
22777,30
22778,4
22779,28
22780,86
22781,30
22787,31
22788,22
22789,9
22790,30
22801,61
22802,54
22803,36
22804,1
22812,63
22813,63
22814,60
22823,63
22825,29
22826,21
22827,5
22828,33
22829,1
22838,96
22839,34
22840,69
22841,82
22842,20
22852,27
22853,32
22855,13
22856,13
22857,2
22864,71
22865,7
22866,27
22867,14
22869,60
22882,96
22883,90
22884,40
22885,76
22888,24
22889,38
22890,42
22896,36
22897,24
22898,12
22902,97
22903,44
22913,38
22914,34
22915,95
22916,28
22917,96
22918,5
22923,10
22924,99
22932,63
22933,45
22934,32
22935,30
22941,4
22942,38
22950,89
22951,65
22952,37
22953,95
22954,42
22955,77
22960,86
22961,72
22967,50
22968,32
22969,50
22970,5
22977,38
22978,40
22979,40
22983,97
22984,42
22985,90
22986,10
22987,78
22988,44
22989,34
22994,14
22995,65
23002,56
23003,48
23004,7
23005,30
23012,20
23013,95
23014,86
23015,74
23016,88
23017,89
23018,78
23019,51
23020,32
23021,90
23022,50
23023,3
23024,16
23029,17
23030,74
23031,20
23036,75
23037,4
23038,24
23039,5
23050,39
23051,39
23052,16
23053,6
23054,50
23055,20
23056,1
23057,7
23058,8
23059,84
23060,51
23061,2
23062,79
23063,40
23064,27
23069,25
23070,50
23073,88
23074,35
23075,95
23076,12
23090,35
23091,11
23092,12
23093,64
23094,94
23095,16
23096,45
23097,55
23098,41
23099,70
23100,9
23101,69
23102,82
23104,50
23105,84
23107,38
23108,95
23109,13
23110,30
23125,52
23126,86
23127,28
23128,6
23129,83
23130,73
23131,45
23132,21
23133,32
23134,68
23135,70
23136,67
23143,19
23144,14
23145,78
23146,50
23162,63
23163,24
23164,2
23165,16
23166,2
23167,53
23168,2
23169,30
23170,79
23171,63
23172,60
23179,86
23180,52
23189,33
23195,95
23196,46
23197,36
23198,44
23199,60
23200,13
23201,12
23202,7
23203,4
23204,39
23205,47
23206,2
23207,27
23214,19
23215,13
23216,21
23221,40
23230,10
23231,34
23232,0
23233,54
23234,97
23235,58
23236,44
23237,20
23238,15
23244,59
23245,84
23246,72
23260,39
23261,5
23262,44
23263,65
23264,34
23265,2
23266,16
23267,2
23268,4
23271,96
23272,72
23278,56
23279,99
23289,66
23291,86
23293,96
23294,40
23295,5
23296,48
23297,20
23298,24
23300,43
23306,69
23307,63
23308,20
23317,48
23318,5
23319,36
23320,37
23321,50
23322,96
23323,70
23324,69
23325,86
23326,10
23336,66
23337,3
23338,60
23342,92
23343,64
23344,40
23346,56
23347,73
23348,44
23349,69
23350,54
23351,97
23352,41
23353,79
23354,79
23359,30
23364,54
23365,35
23369,18
23370,20
23371,58
23372,17
23373,57
23374,3
23375,24
23376,13
23377,74
23378,72
23379,63
23381,97
23384,70
23385,32
23386,14
23387,5
23392,17
23393,62
23394,20
23395,58
23396,15
23397,30
23398,69
23399,4
23400,2
23401,57
23402,95
23403,30
23404,16
23405,86
23406,11
23408,17
23410,78
23411,47
23413,78
23415,65
23416,99
23417,63
23418,16
23420,85
23421,70
23422,94
23423,55
23424,20
23425,14
23428,63
23429,21
23431,76
23433,17
23434,22
23435,50
23437,19
23438,13
23439,54
23440,35
23441,93
23442,21
23446,35
23448,39
23449,78
23453,10
23454,6
23455,31
23458,97
23459,41
23460,25
23461,49
23462,70
23463,40
23466,56
23467,10
23470,94
23471,65
23472,73
23474,63
23475,73
23477,35
23479,85
23480,32
23481,84
23482,42
23483,11
23486,87
23487,31
23488,15
23491,76
23495,69
23496,94
23497,76
23498,94
23499,28
23501,54
23502,14
23503,32
23505,47
23506,2
23509,20
23510,40
23512,87
23513,32
23520,87
23521,24
23522,4
23523,35
23524,62
23525,37
23526,5
23530,69
23531,17
23533,33
23534,35
23542,35
23543,50
23544,97
23545,45
23546,11
23547,97
23548,20
23550,69
23551,52
23552,96
23553,13
23554,2
23560,70
23561,0
23562,53
23563,78
23564,13
23567,80
23568,63
23571,14
23572,98
23575,64
23576,69
23577,97
23578,32
23579,24
23580,96
23581,1
23582,62
23585,66
23586,37
23591,88
23593,35
23594,74
23595,14
23596,1
23597,78
23598,10
23599,7
23600,8
23606,20
23607,4
23610,96
23611,74
23612,44
23613,17
23614,86
23615,22
23621,49
23623,97
23624,6
23625,58
23626,11
23627,49
23628,71
23629,2
23630,71
23633,49
23634,16
23635,56
23636,61
23637,3
23638,95
23639,20
23640,37
23641,32
23642,57
23645,67
23646,86
23648,64
23649,51
23650,37
23651,21
23652,27
23653,50
23654,72
23655,64
23656,12
23659,24
23660,17
23662,18
23663,47
23664,59
23665,27
23666,72
23667,97
23668,40
23669,34
23670,7
23671,35
23677,97
23678,11
23682,96
23683,44
23684,29
23685,5
23686,94
23687,13
23688,13
23689,47
23691,45
23696,39
23697,12
23700,91
23701,56
23702,71
23703,30
23704,39
23705,17
23706,20
23707,3
23708,4
23714,3
23715,93
23716,96
23717,91
23718,45
23719,35
23720,20
23721,59
23722,32
23724,17
23735,28
23736,84
23737,8
23738,24
23739,13
23740,62
23741,22
23742,97
23743,33
23760,65
23761,94
23762,86
23763,10
23764,78
23765,3
23766,5
23767,48
23768,12
23780,66
23781,49
23782,86
23783,51
23784,68
23785,22
23786,10
23795,97
23796,31
23797,28
23798,2
23799,81
23800,6
23801,17
23802,24
23806,2
23810,97
23811,58
23812,68
23813,4
23814,78
23815,25
23816,18
23817,88
23819,41
23825,69
23826,72
23827,37
23828,4
23829,84
23831,4
23833,15
23835,47
23836,5
23837,20
23841,97
23842,69
23843,87
23844,5
23845,39
23846,64
23848,60
23850,24
23851,65
23852,61
23853,4
23854,76
23855,34
23856,69
23862,0
23863,21
23864,34
23865,11
23866,86
23867,86
23868,3
23873,59
23874,22
23875,79
23876,36
23877,97
23879,50
23880,27
23881,97
23882,45
23884,5
23885,48
23888,85
23889,11
23890,78
23891,38
23892,83
23894,88
23895,51
23896,96
23897,28
23898,73
23899,8
23900,70
23901,20
23902,63
23903,97
23904,16
23905,30
23906,69
23907,40
23908,8
23909,40
23910,5
23911,97
23912,95
23913,68
23914,32
23915,76
23916,21
23917,83
23918,88
23919,31
23920,20
23921,72
23922,12
23923,90
23924,8
23925,91
23926,95
23927,4
23928,77
23929,27
23930,0
23931,17
23932,24
23933,48
23934,2
23935,50
23936,28
23937,40
23938,48
23939,68
23940,49
23941,41
23942,78
23943,27
23944,99
23945,68
23946,63
23947,69
23948,34
23949,58
23950,34
23951,73
23952,6
23953,2
23954,39
23955,86
23956,20
23957,37
23958,36
23959,68
23960,63
23961,4
23962,94
23963,14
23964,46
23965,61
23966,57
23967,94
23968,11
23969,61
23970,3
23971,66
23972,33
23973,89
23974,50
23975,66
23976,27
23977,85
23978,23
23979,36
23980,67
23981,58
23982,20
23983,17
23984,68
23985,14
23986,26
23987,40
23988,60
23989,15
23990,58
23991,58
23992,96
23993,74
23994,96
23995,80
23996,47
23997,62
23998,59
23999,12
24000,8
24001,86
24002,17
24003,87
24004,30
24005,13
24006,30
24007,92
24008,64
24009,91
24010,99
24011,31
24012,5
24013,36
24014,39
24015,76
24016,64
24017,5
24018,0
24019,10
24020,9
24021,14
24022,39
24023,93
24024,88
24025,45
24026,36
24027,18
24028,32
24029,96
24030,34
24031,75
24032,11
24033,21
24034,12
24035,56
24036,30
24037,72
24038,23
24039,20
24040,38
24041,38
24042,76
24043,14
24044,5
24045,0
24046,68
24047,36
24048,13
24049,92
24050,76
24051,19
24052,36
24053,69
24054,63
24055,7
24056,1
24057,47
24058,61
24059,97
24060,47
24061,47
24062,27
24063,10
24064,27
24065,49
24066,68
24067,47
24068,95
24069,60
24070,28
24071,59
24072,31
24073,27
24074,36
24075,4
24076,96
24078,97
24079,75
24080,24
24081,62
24082,77
24083,32
24084,28
24085,13
24086,2
24087,10
24088,44
24089,6
24090,38
24091,38
24092,4
24093,85
24094,5
24095,44
24096,69
24097,36
24098,69
24099,33
24100,97
24101,11
24102,14
24103,95
24104,82
13920,69
18769,69
19624,69
